"loan_status","loan_amnt","int_rate","annual_inc","dti","delinq_2yrs","inq_last_6mths","pub_rec","revol_util","total_acc","term_36 months","term_60 months","region_Midwest","region_Northeast","region_South","region_West","grade_A","grade_B","grade_C","grade_D","grade_E","grade_F","grade_G","emp_length_0-3 years","emp_length_4-6 years","emp_length_7-9 years","emp_length_10+ years","home_ownership_MORTGAGE","home_ownership_OWN","home_ownership_RENT","verification_status_Not Verified","verification_status_Source Verified","verification_status_Verified","purpose_group_Big Purchase","purpose_group_Debt","purpose_group_Home","purpose_group_Medical/Other"
"Current",3000,0.1269,80000,17.94,0,0,0,0.539,38,0,1,0,0,0,1,0,1,0,0,0,0,0,1,0,0,0,0,0,1,0,1,0,0,0,0,1
"In Grace Period",10000,0.1596,29120,22.83,0,1,0,0.636,31,0,1,0,0,1,0,0,0,1,0,0,0,0,1,0,0,0,0,0,1,0,0,1,0,1,0,0
"Current",12500,0.1269,27000,16.04,0,3,0,0.5,24,0,1,1,0,0,0,0,1,0,0,0,0,0,1,0,0,0,0,0,1,0,0,1,0,1,0,0
"Current",14000,0.1727,28000,6.34,0,2,0,0.794,10,0,1,0,0,0,1,0,0,0,1,0,0,0,0,1,0,0,0,0,1,0,0,1,0,0,0,1
"Current",15300,0.2206,85000,20.58,0,2,0,0.897,27,0,1,0,0,1,0,0,0,0,0,0,1,0,0,1,0,0,0,0,1,0,0,1,0,1,0,0
"Current",6000,0.1269,81000,13.66,1,0,0,0.5,17,0,1,0,0,0,1,0,1,0,0,0,0,0,1,0,0,0,0,0,1,0,1,0,1,0,0,0
"Current",16000,0.1727,50000,11.04,0,0,0,0.422,16,0,1,0,0,1,0,0,0,0,1,0,0,0,1,0,0,0,0,0,1,0,1,0,0,1,0,0
"Current",18825,0.1758,44000,24.98,0,0,0,0.932,20,0,1,0,1,0,0,0,0,0,1,0,0,0,0,1,0,0,1,0,0,0,0,1,0,1,0,0
"Current",12300,0.1349,30000,12.76,0,1,0,0.555,12,0,1,0,0,0,1,0,0,1,0,0,0,0,1,0,0,0,1,0,0,0,1,0,0,1,0,0
"Current",18000,0.1527,84000,11.41,0,3,0,0.832,23,0,1,0,1,0,0,0,0,1,0,0,0,0,1,0,0,0,1,0,0,0,0,1,0,1,0,0
"Current",20000,0.1465,56000,12.15,0,1,0,0.599,15,0,1,0,0,0,1,0,0,1,0,0,0,0,1,0,0,0,1,0,0,0,0,1,0,1,0,0
"Current",18000,0.1903,90000,11.32,0,1,0,0.852,16,0,1,0,1,0,0,0,0,0,0,1,0,0,1,0,0,0,0,0,1,0,1,0,0,1,0,0
"Current",20000,0.1065,175000,5.23,0,0,0,0.341,39,0,1,0,0,1,0,0,1,0,0,0,0,0,1,0,0,0,1,0,0,0,0,1,0,1,0,0
"Current",20000,0.1677,50000,22.82,0,1,0,0.567,22,0,1,1,0,0,0,0,0,0,1,0,0,0,0,0,1,0,0,0,1,0,0,1,0,1,0,0
"Current",20000,0.1269,85000,10.21,0,0,0,0.548,31,0,1,0,0,1,0,0,1,0,0,0,0,0,0,0,1,0,0,1,0,0,1,0,0,0,1,0
"Current",3000,0.1903,53004,10.73,1,2,0,0.794,12,0,1,0,0,1,0,0,0,0,0,1,0,0,1,0,0,0,0,0,1,0,1,0,0,0,0,1
"Current",17000,0.1527,65000,16.84,0,2,0,0.627,16,0,1,0,1,0,0,0,0,1,0,0,0,0,0,0,1,0,0,0,1,1,0,0,0,1,0,0
"In Grace Period",25975,0.1269,130000,26.13,0,0,0,0.772,29,0,1,0,1,0,0,0,1,0,0,0,0,0,0,0,0,1,1,0,0,0,0,1,0,1,0,0
"Current",6000,0.1758,30120,15.54,0,0,0,0.806,11,0,1,0,1,0,0,0,0,0,1,0,0,0,1,0,0,0,0,0,1,1,0,0,0,1,0,0
"Current",18000,0.1349,40900,13.7,0,1,0,0.626,19,0,1,0,0,1,0,0,0,1,0,0,0,0,0,0,0,1,1,0,0,0,0,1,0,1,0,0
"Current",20000,0.1269,49000,17.78,0,0,0,0.669,26,0,1,0,1,0,0,0,1,0,0,0,0,0,0,0,0,1,0,0,1,0,0,1,0,0,0,1
"Current",25000,0.1942,105000,21.13,0,0,0,0.853,42,0,1,0,1,0,0,0,0,0,0,1,0,0,0,0,0,1,0,0,1,0,0,1,0,1,0,0
"Current",25000,0.1427,85000,13.41,0,0,0,0.917,31,0,1,0,0,1,0,0,0,1,0,0,0,0,0,0,0,1,1,0,0,0,0,1,0,1,0,0
"Current",16100,0.1171,36000,27.8,0,0,0,0.46,33,0,1,0,1,0,0,0,1,0,0,0,0,0,1,0,0,0,1,0,0,0,0,1,0,1,0,0
"Current",15000,0.1171,72000,26.48,0,0,0,0.678,15,0,1,0,0,1,0,0,1,0,0,0,0,0,0,0,0,1,1,0,0,0,0,1,0,1,0,0
"In Grace Period",13000,0.2352,61000,11.65,0,1,0,0.921,14,0,1,0,1,0,0,0,0,0,0,0,0,1,0,0,0,1,0,0,1,0,1,0,0,1,0,0
"Current",18550,0.1942,45000,21.68,0,2,1,0.659,19,0,1,1,0,0,0,0,0,0,0,1,0,0,1,0,0,0,0,0,1,0,0,1,0,1,0,0
"Current",12000,0.1465,65000,14.44,0,2,0,0.478,21,0,1,0,1,0,0,0,0,1,0,0,0,0,1,0,0,0,0,0,1,1,0,0,0,1,0,0
"Current",18500,0.1903,68000,20.89,0,0,0,0.878,35,0,1,0,1,0,0,0,0,0,0,1,0,0,0,0,0,1,1,0,0,0,0,1,0,1,0,0
"Current",25000,0.1903,96000,16.19,0,2,0,0.585,33,0,1,1,0,0,0,0,0,0,0,1,0,0,0,0,0,1,1,0,0,0,0,1,0,1,0,0
"Current",16950,0.1677,50000,14.47,0,1,0,0.785,23,0,1,0,0,1,0,0,0,0,1,0,0,0,0,0,0,1,1,0,0,0,1,0,0,1,0,0
"Current",3000,0.1727,35000,11.42,0,1,0,0.665,15,0,1,0,0,0,1,0,0,0,1,0,0,0,0,1,0,0,0,0,1,0,0,1,0,1,0,0
"Current",18000,0.1677,50000,21.22,0,1,0,0.776,15,0,1,0,0,0,1,0,0,0,1,0,0,0,1,0,0,0,0,0,1,0,0,1,0,1,0,0
"Current",21000,0.1825,110000,13.55,0,2,0,0.947,23,0,1,0,1,0,0,0,0,0,1,0,0,0,1,0,0,0,0,0,1,0,0,1,0,1,0,0
"Current",7600,0.1677,33996,16.52,0,2,0,0.727,21,0,1,0,0,1,0,0,0,0,1,0,0,0,1,0,0,0,0,0,1,0,0,1,0,0,0,1
"Current",25000,0.1427,89000,10.77,0,1,0,0.636,22,0,1,0,0,1,0,0,0,1,0,0,0,0,0,1,0,0,1,0,0,0,1,0,0,1,0,0
"Current",12000,0.1269,30000,10.44,0,0,0,0.786,11,0,1,0,1,0,0,0,1,0,0,0,0,0,0,0,1,0,0,0,1,1,0,0,0,1,0,0
"Current",7600,0.1677,50000,6.29,0,0,1,0.406,27,0,1,1,0,0,0,0,0,0,1,0,0,0,0,1,0,0,0,1,0,0,1,0,0,0,0,1
"Current",10000,0.1242,42336,10.18,0,0,0,0.662,16,0,1,0,0,0,1,0,1,0,0,0,0,0,1,0,0,0,0,0,1,0,1,0,0,0,0,1
"Current",35000,0.1242,90000,26.33,0,0,0,0.593,25,0,1,0,0,0,1,0,1,0,0,0,0,0,0,0,0,1,0,0,1,0,0,1,0,1,0,0
"Current",35000,0.1171,70000,19.42,0,0,0,0.449,25,0,1,0,1,0,0,0,1,0,0,0,0,0,0,0,1,0,0,0,1,0,0,1,0,1,0,0
"Current",14100,0.1758,43000,4.83,0,3,0,0.705,15,0,1,0,0,1,0,0,0,0,1,0,0,0,0,1,0,0,0,0,1,0,1,0,0,0,0,1
"Current",35000,0.1903,140000,4.29,2,2,0,0.754,39,0,1,0,0,0,1,0,0,0,0,1,0,0,0,0,0,1,1,0,0,0,0,1,0,0,0,1
"Current",25000,0.1903,95000,15.56,2,0,0,0.488,26,0,1,0,0,0,1,0,0,0,0,1,0,0,0,0,1,0,0,0,1,0,0,1,0,1,0,0
"Current",12000,0.1171,70000,21.17,0,1,0,0.777,23,0,1,0,1,0,0,0,1,0,0,0,0,0,0,0,0,1,0,0,1,1,0,0,0,1,0,0
"Current",15000,0.1677,42000,15.69,0,1,0,0.733,12,0,1,0,0,1,0,0,0,0,1,0,0,0,0,0,1,0,0,0,1,1,0,0,0,1,0,0
"Current",14000,0.1825,32000,16.28,0,2,0,0.87,13,0,1,0,0,1,0,0,0,0,1,0,0,0,0,0,0,1,0,0,1,1,0,0,1,0,0,0
"Current",12000,0.1349,75000,23.58,1,0,0,0.575,24,0,1,0,0,0,1,0,0,1,0,0,0,0,1,0,0,0,0,0,1,1,0,0,0,0,0,1
"Current",18000,0.1171,133224,10.97,0,0,0,0.463,30,0,1,0,0,1,0,0,1,0,0,0,0,0,0,0,0,1,1,0,0,0,1,0,0,0,1,0
"Current",12000,0.1427,41000,22.77,0,1,0,0.789,15,0,1,0,0,0,1,0,0,1,0,0,0,0,1,0,0,0,0,0,1,0,1,0,0,0,0,1
"Current",7000,0.1596,75000,21.66,0,1,0,0.886,30,0,1,0,1,0,0,0,0,1,0,0,0,0,1,0,0,0,0,1,0,1,0,0,0,0,0,1
"Current",21000,0.1465,70000,20.11,0,1,0,0.599,24,0,1,0,0,1,0,0,0,1,0,0,0,0,0,1,0,0,1,0,0,0,0,1,0,1,0,0
"Current",20000,0.203,51750,18.97,0,0,0,0.925,29,0,1,0,1,0,0,0,0,0,0,1,0,0,0,1,0,0,1,0,0,0,0,1,0,1,0,0
"Current",15500,0.1349,40000,11.19,0,2,0,0.57,8,0,1,0,1,0,0,0,0,1,0,0,0,0,0,1,0,0,0,0,1,0,1,0,0,1,0,0
"Current",8000,0.1171,88000,3.25,1,0,0,0.511,20,0,1,0,0,0,1,0,1,0,0,0,0,0,1,0,0,0,1,0,0,0,1,0,1,0,0,0
"Current",30000,0.203,75000,18.77,0,0,0,0.714,15,0,1,0,0,1,0,0,0,0,0,1,0,0,0,0,1,0,0,0,1,0,1,0,0,1,0,0
"Current",17475,0.079,90000,8.44,0,0,0,0.527,18,0,1,0,1,0,0,1,0,0,0,0,0,0,0,0,1,0,1,0,0,0,0,1,0,0,1,0
"Current",35000,0.1991,69000,9.41,0,2,0,0.707,17,0,1,0,0,1,0,0,0,0,0,1,0,0,0,1,0,0,1,0,0,0,0,1,0,0,1,0
"Current",22000,0.1942,82500,16.2,0,0,0,0.97,14,0,1,0,0,0,1,0,0,0,0,1,0,0,0,1,0,0,0,0,1,0,0,1,0,1,0,0
"Current",12000,0.1942,68000,23.15,0,0,0,0.784,28,0,1,0,1,0,0,0,0,0,0,1,0,0,0,1,0,0,0,0,1,0,1,0,0,1,0,0
"Current",30000,0.2167,85000,11.44,0,2,0,0.973,20,0,1,0,1,0,0,0,0,0,0,0,1,0,1,0,0,0,0,0,1,0,0,1,0,1,0,0
"Current",28000,0.1465,160000,11.81,0,2,0,0.739,62,0,1,0,0,0,1,0,0,1,0,0,0,0,1,0,0,0,0,0,1,0,0,1,0,1,0,0
"Current",5000,0.1677,90000,3.92,0,0,0,0.831,16,0,1,0,1,0,0,0,0,0,1,0,0,0,0,1,0,0,1,0,0,0,0,1,0,1,0,0
"Current",14000,0.2089,76800,6.83,2,0,0,0.751,21,0,1,0,1,0,0,0,0,0,0,0,1,0,0,0,0,1,1,0,0,0,0,1,0,1,0,0
"Current",6000,0.1677,80000,9.09,0,1,0,0.654,26,0,1,0,1,0,0,0,0,0,1,0,0,0,0,0,0,1,0,0,1,0,1,0,0,1,0,0
"Current",35000,0.1242,66000,8.96,0,0,0,0.429,17,0,1,0,0,1,0,0,1,0,0,0,0,0,1,0,0,0,1,0,0,0,0,1,0,1,0,0
"Current",24500,0.1727,52000,13.85,0,0,0,0.954,19,0,1,0,1,0,0,0,0,0,1,0,0,0,0,0,0,1,0,0,1,0,0,1,0,1,0,0
"Current",20000,0.1864,50000,13.37,0,1,0,0.897,19,0,1,0,1,0,0,0,0,0,0,1,0,0,0,0,0,1,0,0,1,0,0,1,0,1,0,0
"In Grace Period",7100,0.1942,36000,23.13,0,1,0,0.939,25,0,1,0,0,1,0,0,0,0,0,1,0,0,1,0,0,0,0,0,1,0,0,1,0,1,0,0
"Current",18000,0.1465,36000,18.63,0,1,0,0.838,19,0,1,1,0,0,0,0,0,1,0,0,0,0,0,0,1,0,1,0,0,0,0,1,0,1,0,0
"Current",17000,0.1864,72000,14.65,0,1,0,0.766,23,0,1,0,0,1,0,0,0,0,0,1,0,0,0,0,0,1,1,0,0,1,0,0,0,1,0,0
"Current",21000,0.1991,94500,8.09,0,0,0,0.824,28,0,1,0,1,0,0,0,0,0,0,1,0,0,1,0,0,0,0,0,1,0,0,1,0,1,0,0
"Current",13000,0.1677,54000,16,0,1,0,0.658,19,0,1,0,0,1,0,0,0,0,1,0,0,0,0,0,0,1,1,0,0,0,0,1,0,1,0,0
"Current",8800,0.203,135000,8.77,0,1,0,0.882,24,0,1,0,0,0,1,0,0,0,0,1,0,0,0,0,0,1,0,0,1,0,0,1,1,0,0,0
"Late",20000,0.1942,116500,8.84,0,1,0,0.49,35,0,1,0,1,0,0,0,0,0,0,1,0,0,1,0,0,0,1,0,0,0,1,0,0,1,0,0
"Current",21000,0.1349,60000,11.34,0,0,0,0.535,21,0,1,0,1,0,0,0,0,1,0,0,0,0,0,1,0,0,1,0,0,0,1,0,0,0,1,0
"Current",20000,0.1677,108000,13.5,0,3,0,0.718,18,0,1,0,1,0,0,0,0,0,1,0,0,0,1,0,0,0,0,0,1,0,1,0,0,1,0,0
"Current",14000,0.089,46000,14.48,0,0,0,0.237,28,0,1,1,0,0,0,1,0,0,0,0,0,0,1,0,0,0,0,0,1,1,0,0,0,1,0,0
"Current",35000,0.2089,174000,5.32,0,1,0,0.265,22,0,1,0,0,1,0,0,0,0,0,0,1,0,1,0,0,0,1,0,0,0,0,1,0,0,1,0
"Current",22500,0.1269,45000,11.04,0,1,0,0.313,24,0,1,0,1,0,0,0,1,0,0,0,0,0,0,1,0,0,1,0,0,0,0,1,0,0,0,1
"Current",18250,0.2352,40000,19.2,1,0,0,0.983,16,0,1,0,0,1,0,0,0,0,0,0,0,1,0,1,0,0,0,1,0,1,0,0,0,1,0,0
"Current",12950,0.1065,31200,3.46,0,1,0,0.049,28,0,1,1,0,0,0,0,1,0,0,0,0,0,1,0,0,0,0,0,1,1,0,0,0,0,1,0
"Current",30000,0.0991,72000,1.07,0,0,0,0.186,37,0,1,0,0,0,1,0,1,0,0,0,0,0,0,0,0,1,1,0,0,0,0,1,0,0,1,0
"Current",7200,0.1727,103000,10.53,0,1,0,0.638,21,0,1,0,1,0,0,0,0,0,1,0,0,0,0,1,0,0,0,0,1,0,1,0,0,1,0,0
"Current",19500,0.1825,52470,17.56,0,0,0,0.72,17,0,1,1,0,0,0,0,0,0,1,0,0,0,0,1,0,0,0,0,1,0,0,1,0,1,0,0
"Current",6350,0.1171,49200,4.71,0,0,0,0.246,10,0,1,0,0,0,1,0,1,0,0,0,0,0,0,1,0,0,0,0,1,0,1,0,1,0,0,0
"Current",14750,0.1677,30000,17.32,0,1,0,0.64,12,0,1,0,0,0,1,0,0,0,1,0,0,0,0,0,1,0,1,0,0,1,0,0,0,1,0,0
"Current",13475,0.089,26400,27.27,0,0,0,0,22,0,1,0,0,0,1,1,0,0,0,0,0,0,1,0,0,0,0,0,1,0,0,1,0,1,0,0
"Current",20000,0.1864,87000,9.31,2,1,0,0.884,32,0,1,1,0,0,0,0,0,0,0,1,0,0,0,1,0,0,0,0,1,0,0,1,0,1,0,0
"Current",4800,0.1825,45000,13.81,0,0,0,0.906,19,0,1,0,0,0,1,0,0,0,1,0,0,0,0,0,0,1,0,0,1,0,1,0,0,1,0,0
"Current",25975,0.1903,50000,21.7,0,0,0,0.958,16,0,1,0,0,1,0,0,0,0,0,1,0,0,0,0,1,0,1,0,0,0,0,1,0,1,0,0
"Current",21200,0.1758,47000,24.05,0,1,0,0.809,28,0,1,1,0,0,0,0,0,0,1,0,0,0,0,0,0,1,1,0,0,0,0,1,0,1,0,0
"Current",20250,0.1527,39624,23.08,0,2,0,0.352,25,0,1,1,0,0,0,0,0,1,0,0,0,0,0,0,1,0,0,0,1,0,0,1,0,1,0,0
"Current",8400,0.1465,51008,8.14,0,1,0,0.829,10,0,1,0,0,1,0,0,0,1,0,0,0,0,0,1,0,0,0,0,1,0,1,0,1,0,0,0
"Current",20000,0.1171,35000,18.96,0,0,0,0.551,11,0,1,0,0,0,1,0,1,0,0,0,0,0,0,0,1,0,0,0,1,0,0,1,0,1,0,0
"Current",35000,0.1269,71000,17.09,0,0,0,0.431,13,0,1,0,1,0,0,0,1,0,0,0,0,0,0,1,0,0,0,0,1,0,0,1,0,1,0,0
"Current",12000,0.1269,45000,9.23,0,1,0,0.39,9,0,1,0,0,0,1,0,1,0,0,0,0,0,0,1,0,0,0,0,1,0,1,0,0,0,0,1
"Current",17200,0.2089,52000,7.06,0,0,0,0.964,6,0,1,0,0,1,0,0,0,0,0,0,1,0,0,0,0,1,0,0,1,0,0,1,0,0,1,0
"Current",10400,0.1677,56004,9.86,0,1,0,0.542,25,0,1,0,0,1,0,0,0,0,1,0,0,0,0,1,0,0,1,0,0,0,1,0,0,0,1,0
"Current",35000,0.1171,78000,16.63,0,0,0,0.629,37,0,1,0,0,0,1,0,1,0,0,0,0,0,0,0,1,0,1,0,0,0,0,1,0,1,0,0
"Current",22000,0.1269,45000,15.81,0,1,0,0.273,14,0,1,0,0,1,0,0,1,0,0,0,0,0,0,0,0,1,0,0,1,0,0,1,0,1,0,0
"Current",6075,0.1727,46440,5.97,1,0,0,0.244,16,0,1,0,1,0,0,0,0,0,1,0,0,0,1,0,0,0,0,0,1,0,1,0,0,0,0,1
"Current",20000,0.1677,56500,20.73,0,1,0,0.593,29,0,1,0,1,0,0,0,0,0,1,0,0,0,0,0,1,0,1,0,0,0,0,1,0,1,0,0
"Current",22000,0.1349,75000,9.46,0,0,0,0.766,16,0,1,0,0,1,0,0,0,1,0,0,0,0,1,0,0,0,1,0,0,0,0,1,0,1,0,0
"Current",20000,0.1596,112000,10.53,1,3,0,0.686,20,0,1,0,1,0,0,0,0,1,0,0,0,0,0,0,0,1,1,0,0,0,0,1,0,0,1,0
"In Grace Period",20000,0.1242,55000,20.12,0,1,0,0.606,34,0,1,0,0,0,1,0,1,0,0,0,0,0,0,1,0,0,1,0,0,0,0,1,0,1,0,0
"Current",15000,0.1065,68004,23.13,0,0,0,0.225,40,0,1,0,0,0,1,0,1,0,0,0,0,0,1,0,0,0,1,0,0,0,1,0,0,0,0,1
"Current",18000,0.1864,132000,11.29,0,0,0,0.916,31,0,1,1,0,0,0,0,0,0,0,1,0,0,0,0,1,0,1,0,0,0,1,0,0,1,0,0
"Current",5375,0.1825,19200,11.56,0,1,0,0.813,7,0,1,1,0,0,0,0,0,0,1,0,0,0,0,0,0,1,0,0,1,0,0,1,0,1,0,0
"Current",12000,0.1758,83000,16.27,0,0,0,0.941,23,0,1,0,0,1,0,0,0,0,1,0,0,0,0,0,0,1,1,0,0,0,0,1,0,1,0,0
"Current",10000,0.1349,48500,25.51,0,1,0,0.597,22,0,1,1,0,0,0,0,0,1,0,0,0,0,1,0,0,0,0,0,1,1,0,0,0,1,0,0
"Current",22000,0.1465,93000,6.93,0,1,0,0.718,13,0,1,0,0,0,1,0,0,1,0,0,0,0,1,0,0,0,1,0,0,0,1,0,0,1,0,0
"Current",14000,0.1991,47000,11.31,0,1,0,0.716,18,0,1,0,0,0,1,0,0,0,0,1,0,0,0,0,0,1,1,0,0,0,1,0,0,1,0,0
"Current",35000,0.1427,65000,23.8,0,3,0,0.695,32,0,1,0,0,0,1,0,0,1,0,0,0,0,1,0,0,0,1,0,0,0,0,1,0,1,0,0
"In Grace Period",16000,0.1242,40000,12.39,0,0,0,0.859,27,0,1,0,1,0,0,0,1,0,0,0,0,0,0,0,0,1,0,0,1,0,1,0,0,1,0,0
"Current",20000,0.1427,80500,9.17,1,0,0,0.885,14,0,1,0,0,0,1,0,0,1,0,0,0,0,1,0,0,0,1,0,0,0,0,1,0,1,0,0
"Current",15250,0.1269,31200,26.62,0,0,0,0.83,15,0,1,0,0,1,0,0,1,0,0,0,0,0,1,0,0,0,1,0,0,0,1,0,0,1,0,0
"Current",16000,0.1727,57000,10.91,0,0,0,0.874,16,0,1,0,0,0,1,0,0,0,1,0,0,0,0,0,0,1,0,0,1,1,0,0,0,1,0,0
"Current",12000,0.1349,50000,10.61,0,2,0,0.658,17,0,1,0,0,1,0,0,0,1,0,0,0,0,1,0,0,0,0,0,1,0,1,0,0,1,0,0
"Current",22000,0.1269,91663,11.98,0,2,0,0.641,22,0,1,1,0,0,0,0,1,0,0,0,0,0,0,1,0,0,1,0,0,0,0,1,0,1,0,0
"Current",3000,0.1242,106800,6.6,0,5,0,0.007,46,0,1,0,1,0,0,0,1,0,0,0,0,0,1,0,0,0,1,0,0,1,0,0,1,0,0,0
"Current",16000,0.1349,62000,17.13,0,3,0,0.704,33,0,1,1,0,0,0,0,0,1,0,0,0,0,0,0,0,1,1,0,0,0,1,0,0,1,0,0
"Current",21000,0.1527,90000,13.23,0,1,0,0.494,18,0,1,0,0,0,1,0,0,1,0,0,0,0,0,0,1,0,1,0,0,0,0,1,0,0,1,0
"Current",3975,0.1758,42000,10.29,0,0,0,0.959,10,0,1,0,0,0,1,0,0,0,1,0,0,0,0,1,0,0,1,0,0,0,1,0,0,1,0,0
"Current",35000,0.1269,102000,16.58,0,0,0,0.894,23,0,1,0,0,0,1,0,1,0,0,0,0,0,0,0,0,1,0,0,1,0,0,1,0,1,0,0
"Current",16000,0.1527,99000,7.76,0,2,0,0.566,12,0,1,0,1,0,0,0,0,1,0,0,0,0,0,1,0,0,0,0,1,0,0,1,0,1,0,0
"Current",20000,0.1527,110000,18.63,0,1,0,0.836,31,0,1,0,0,1,0,0,0,1,0,0,0,0,0,0,0,1,0,0,1,0,0,1,0,1,0,0
"Current",15000,0.203,95000,15.15,0,0,0,0.71,15,0,1,1,0,0,0,0,0,0,0,1,0,0,0,1,0,0,1,0,0,0,0,1,0,0,0,1
"Current",12600,0.1903,37209.6,12.67,0,0,0,0.772,17,0,1,1,0,0,0,0,0,0,0,1,0,0,0,0,0,1,1,0,0,0,1,0,0,1,0,0
"Current",25000,0.1825,46520.88,9.91,0,0,0,0.787,20,0,1,0,0,1,0,0,0,0,1,0,0,0,0,0,0,1,1,0,0,0,0,1,0,1,0,0
"Current",27700,0.203,60000,0.32,0,0,1,0.222,9,0,1,0,0,0,1,0,0,0,0,1,0,0,0,1,0,0,1,0,0,0,0,1,0,0,0,1
"Current",15800,0.1825,83000,13.1,0,1,0,0.856,15,0,1,0,0,0,1,0,0,0,1,0,0,0,0,1,0,0,0,0,1,0,0,1,0,1,0,0
"Late",18000,0.1942,55000,13.07,0,2,0,0.476,34,0,1,0,0,1,0,0,0,0,0,1,0,0,0,1,0,0,1,0,0,0,1,0,0,1,0,0
"Current",13200,0.1427,47000,12.61,0,0,0,0.725,8,0,1,0,0,0,1,0,0,1,0,0,0,0,0,0,1,0,0,0,1,1,0,0,0,1,0,0
"Current",27000,0.1242,150000,12.84,0,0,0,0.311,37,0,1,0,1,0,0,0,1,0,0,0,0,0,0,0,1,0,1,0,0,0,0,1,0,1,0,0
"Current",12000,0.1427,33000,13.09,0,0,0,0.515,11,0,1,0,1,0,0,0,0,1,0,0,0,0,0,0,1,0,0,0,1,0,1,0,0,1,0,0
"Current",5250,0.1758,59000,23.45,0,2,0,0.953,23,0,1,0,0,1,0,0,0,0,1,0,0,0,0,0,0,1,1,0,0,1,0,0,0,1,0,0
"Current",2500,0.1269,33840,14.82,1,0,0,0.275,11,0,1,0,0,0,1,0,1,0,0,0,0,0,1,0,0,0,0,1,0,1,0,0,1,0,0,0
"Current",12250,0.1171,63996,23.76,0,0,0,0.722,30,0,1,0,0,0,1,0,1,0,0,0,0,0,0,0,0,1,1,0,0,0,0,1,0,1,0,0
"Current",24250,0.1903,54257,24,0,2,0,0.81,26,0,1,0,0,1,0,0,0,0,0,1,0,0,0,0,0,1,0,0,1,0,0,1,0,1,0,0
"Current",22000,0.1825,92000,19.64,2,2,0,0.232,20,0,1,0,0,1,0,0,0,0,1,0,0,0,0,1,0,0,1,0,0,0,0,1,0,0,0,1
"Current",32000,0.2089,1e+05,18.84,0,1,0,0.739,24,0,1,0,1,0,0,0,0,0,0,0,1,0,0,0,0,1,0,1,0,0,0,1,1,0,0,0
"Current",25000,0.1527,150000,9.88,0,1,0,0.878,24,0,1,0,0,0,1,0,0,1,0,0,0,0,0,0,0,1,1,0,0,0,1,0,0,1,0,0
"Current",24000,0.1269,180000,6.77,0,3,0,0.516,19,0,1,0,0,0,1,0,1,0,0,0,0,0,1,0,0,0,1,0,0,0,0,1,0,1,0,0
"Current",29100,0.1065,83496,14,0,0,0,0.198,23,0,1,0,1,0,0,0,1,0,0,0,0,0,0,1,0,0,1,0,0,0,0,1,0,1,0,0
"Current",15000,0.1596,58000,23.75,0,1,0,0.618,20,0,1,0,1,0,0,0,0,1,0,0,0,0,0,0,0,1,0,0,1,0,0,1,0,1,0,0
"Current",23000,0.1269,80000,29.83,0,1,0,0.603,54,0,1,0,0,0,1,0,1,0,0,0,0,0,0,0,0,1,1,0,0,0,0,1,0,1,0,0
"Current",21000,0.1677,53000,14.72,0,1,0,0.921,16,0,1,0,0,1,0,0,0,0,1,0,0,0,0,0,0,1,0,0,1,0,0,1,0,1,0,0
"Current",15000,0.1727,41000,16.13,0,1,0,0.939,10,0,1,1,0,0,0,0,0,0,1,0,0,0,0,0,0,1,0,0,1,1,0,0,0,1,0,0
"Current",6400,0.1942,21996,6.06,0,2,0,0.787,25,0,1,0,0,1,0,0,0,0,0,1,0,0,1,0,0,0,0,0,1,0,0,1,0,0,0,1
"Current",14300,0.1171,30000,26.96,0,0,0,0.386,17,0,1,1,0,0,0,0,1,0,0,0,0,0,0,0,0,1,0,0,1,0,0,1,0,1,0,0
"Current",17625,0.1758,43000,27.27,0,1,0,0.952,16,0,1,0,0,1,0,0,0,0,1,0,0,0,0,0,0,1,0,0,1,0,0,1,0,1,0,0
"Current",5000,0.1171,84000,7.81,0,0,0,0.264,17,0,1,0,0,1,0,0,1,0,0,0,0,0,0,1,0,0,1,0,0,1,0,0,0,0,0,1
"Current",14000,0.089,68124,11.45,0,0,0,0.474,24,0,1,0,1,0,0,1,0,0,0,0,0,0,1,0,0,0,1,0,0,1,0,0,0,1,0,0
"Current",16750,0.1242,42000,23.83,0,2,0,0.281,26,0,1,1,0,0,0,0,1,0,0,0,0,0,0,1,0,0,1,0,0,1,0,0,0,1,0,0
"Current",13200,0.1758,80000,15.33,0,0,0,0.876,16,0,1,0,0,0,1,0,0,0,1,0,0,0,0,0,1,0,1,0,0,1,0,0,0,1,0,0
"Current",35000,0.1942,76519.82,20.89,0,1,0,0.933,28,0,1,0,0,1,0,0,0,0,0,1,0,0,0,0,0,1,1,0,0,0,0,1,0,1,0,0
"Current",8000,0.2167,45000,6.69,0,1,0,0.726,5,0,1,0,1,0,0,0,0,0,0,0,1,0,0,1,0,0,0,0,1,0,0,1,0,0,0,1
"Current",8400,0.089,65508,7.44,0,0,0,0.087,23,0,1,0,0,1,0,1,0,0,0,0,0,0,0,1,0,0,1,0,0,0,1,0,0,1,0,0
"Current",20000,0.1269,40000,15.48,0,1,0,0.551,16,0,1,0,0,0,1,0,1,0,0,0,0,0,0,0,1,0,0,0,1,0,0,1,0,1,0,0
"Current",25000,0.1727,50400,21.07,0,0,0,0.674,24,0,1,0,0,0,1,0,0,0,1,0,0,0,0,0,0,1,0,0,1,0,0,1,0,1,0,0
"Current",14000,0.1349,67000,24.73,0,0,0,0.585,31,0,1,0,0,1,0,0,0,1,0,0,0,0,0,0,0,1,1,0,0,0,1,0,0,1,0,0
"Current",12800,0.1349,45000,16.59,0,0,0,0.859,14,0,1,0,0,1,0,0,0,1,0,0,0,0,0,1,0,0,0,0,1,1,0,0,0,1,0,0
"Current",14000,0.1758,1e+05,10.01,0,0,0,0.693,12,0,1,1,0,0,0,0,0,0,1,0,0,0,1,0,0,0,1,0,0,0,0,1,1,0,0,0
"Current",31000,0.1242,62400,18.31,0,0,0,0.531,14,0,1,0,1,0,0,0,1,0,0,0,0,0,0,0,0,1,1,0,0,0,0,1,0,1,0,0
"Current",12900,0.1825,75000,21.79,0,0,0,0.731,23,0,1,0,1,0,0,0,0,0,1,0,0,0,1,0,0,0,0,0,1,0,1,0,0,1,0,0
"Current",22000,0.1727,84000,13.8,0,1,0,0.583,36,0,1,0,1,0,0,0,0,0,1,0,0,0,0,0,0,1,0,0,1,0,0,1,0,1,0,0
"Current",25000,0.1171,60000,13.38,0,2,0,0.083,26,0,1,1,0,0,0,0,1,0,0,0,0,0,0,0,0,1,1,0,0,0,0,1,0,0,1,0
"Current",24000,0.1758,125004,5.14,0,0,0,0.686,26,0,1,0,1,0,0,0,0,0,1,0,0,0,1,0,0,0,0,0,1,0,0,1,0,1,0,0
"Current",15000,0.1727,62000,22.16,0,1,0,0.741,45,0,1,0,0,0,1,0,0,0,1,0,0,0,1,0,0,0,0,0,1,0,0,1,0,1,0,0
"Current",23600,0.1864,60000,24.36,0,2,0,0.509,21,0,1,0,0,1,0,0,0,0,0,1,0,0,0,0,0,1,0,1,0,0,0,1,0,1,0,0
"Current",16000,0.1596,61000,20.52,0,1,0,0.673,27,0,1,0,0,0,1,0,0,1,0,0,0,0,0,0,1,0,1,0,0,0,0,1,0,1,0,0
"Current",28000,0.2089,80000,18.77,0,1,0,0.905,19,0,1,0,0,0,1,0,0,0,0,0,1,0,1,0,0,0,0,0,1,0,0,1,0,1,0,0
"Current",35000,0.1864,140000,12,0,1,0,0.753,20,0,1,0,0,0,1,0,0,0,0,1,0,0,1,0,0,0,0,0,1,0,0,1,0,1,0,0
"Current",20000,0.1677,110000,5.5,0,1,0,0.925,16,0,1,0,1,0,0,0,0,0,1,0,0,0,0,0,0,1,0,0,1,0,0,1,0,1,0,0
"Current",35000,0.1864,248000,6.17,0,2,0,0.839,29,0,1,0,1,0,0,0,0,0,0,1,0,0,0,1,0,0,1,0,0,0,0,1,0,1,0,0
"Current",14000,0.1349,30000,19.44,0,0,0,0.92,20,0,1,1,0,0,0,0,0,1,0,0,0,0,0,1,0,0,0,1,0,1,0,0,0,1,0,0
"Current",12000,0.1349,52000,21.42,0,1,0,0.518,15,0,1,0,1,0,0,0,0,1,0,0,0,0,1,0,0,0,0,1,0,1,0,0,0,1,0,0
"Current",21000,0.2128,109992,10.89,0,0,0,0.862,35,0,1,0,1,0,0,0,0,0,0,0,1,0,0,0,0,1,1,0,0,0,0,1,0,0,0,1
"Current",26375,0.1758,158000,22.66,0,1,0,0.822,36,0,1,0,0,1,0,0,0,0,1,0,0,0,0,0,0,1,1,0,0,0,0,1,0,1,0,0
"Current",15000,0.1596,90000,14.35,0,1,0,0.592,17,0,1,0,0,0,1,0,0,1,0,0,0,0,0,0,1,0,1,0,0,1,0,0,0,1,0,0
"Current",19200,0.1825,45000,15.2,0,1,0,0.804,29,0,1,0,0,1,0,0,0,0,1,0,0,0,0,1,0,0,0,0,1,0,0,1,0,1,0,0
"Current",18800,0.1349,58000,23.63,0,2,0,0.668,14,0,1,1,0,0,0,0,0,1,0,0,0,0,0,0,0,1,1,0,0,0,0,1,0,1,0,0
"Current",35000,0.2206,90000,16.36,0,0,0,0.85,29,0,1,0,1,0,0,0,0,0,0,0,1,0,0,0,0,1,0,0,1,0,0,1,0,1,0,0
"Current",14675,0.1727,34500,24.52,0,1,0,0.894,21,0,1,1,0,0,0,0,0,0,1,0,0,0,0,1,0,0,0,0,1,0,0,1,0,1,0,0
"Current",28000,0.1171,75000,6.16,0,2,0,0.206,29,0,1,0,0,1,0,0,1,0,0,0,0,0,0,0,0,1,1,0,0,0,1,0,0,0,0,1
"Current",11600,0.1427,35000,23.21,0,0,0,0.826,14,0,1,0,0,1,0,0,0,1,0,0,0,0,0,0,1,0,1,0,0,0,0,1,0,1,0,0
"Current",35000,0.2206,95300,14.71,0,0,0,0.927,38,0,1,0,0,1,0,0,0,0,0,0,1,0,0,0,0,1,1,0,0,0,0,1,0,1,0,0
"Current",16550,0.1465,52000,9.88,0,1,0,0.846,14,0,1,0,0,1,0,0,0,1,0,0,0,0,0,0,1,0,1,0,0,0,1,0,0,0,0,1
"Current",12000,0.1171,48000,23.3,0,0,0,0.698,27,0,1,0,1,0,0,0,1,0,0,0,0,0,0,0,0,1,1,0,0,1,0,0,0,1,0,0
"Current",15000,0.1065,64800,26.61,0,3,0,0.005,32,0,1,1,0,0,0,0,1,0,0,0,0,0,0,0,0,1,1,0,0,1,0,0,1,0,0,0
"Current",15000,0.2274,70000,22.32,0,0,0,0.982,17,0,1,0,0,0,1,0,0,0,0,0,0,1,0,0,0,1,1,0,0,0,0,1,0,1,0,0
"Current",3650,0.1758,29000,12.5,0,2,0,0.874,28,0,1,0,0,0,1,0,0,0,1,0,0,0,0,1,0,0,0,0,1,0,1,0,0,1,0,0
"Current",14000,0.1349,33936,19.77,0,0,0,0.693,9,0,1,0,0,0,1,0,0,1,0,0,0,0,1,0,0,0,0,0,1,0,1,0,0,1,0,0
"Current",21000,0.1242,70000,7.35,0,2,0,0.296,26,0,1,0,0,1,0,0,1,0,0,0,0,0,0,0,0,1,1,0,0,0,0,1,0,0,0,1
"Current",24000,0.1903,98000,23.74,0,0,0,0.788,20,0,1,0,0,1,0,0,0,0,0,1,0,0,0,0,0,1,0,0,1,0,0,1,0,1,0,0
"Current",19075,0.203,50000,22.75,1,0,0,0.678,51,0,1,0,0,1,0,0,0,0,0,1,0,0,1,0,0,0,0,0,1,0,0,1,0,1,0,0
"Current",15000,0.1527,29000,11.88,0,1,0,0.738,16,0,1,0,0,0,1,0,0,1,0,0,0,0,0,0,0,1,0,0,1,0,0,1,0,1,0,0
"Current",25975,0.2206,66000,24.85,0,1,0,0.849,28,0,1,0,0,0,1,0,0,0,0,0,1,0,0,0,0,1,1,0,0,0,0,1,0,1,0,0
"Current",5000,0.0991,98580,15.41,0,0,0,0,24,0,1,0,1,0,0,0,1,0,0,0,0,0,0,1,0,0,1,0,0,0,1,0,0,0,0,1
"Current",28000,0.1825,157000,10.84,0,0,0,0.601,39,0,1,0,0,1,0,0,0,0,1,0,0,0,1,0,0,0,1,0,0,0,1,0,0,1,0,0
"Current",15000,0.2089,59000,11.33,0,1,0,0.929,25,0,1,0,0,1,0,0,0,0,0,0,1,0,0,0,0,1,0,0,1,1,0,0,0,1,0,0
"Current",30000,0.1465,70000,17.16,0,5,0,0.079,31,0,1,1,0,0,0,0,0,1,0,0,0,0,1,0,0,0,1,0,0,0,0,1,0,1,0,0
"Current",14000,0.1465,81000,22.33,0,2,0,0.777,19,0,1,0,0,1,0,0,0,1,0,0,0,0,0,0,1,0,0,0,1,0,1,0,0,1,0,0
"In Grace Period",15850,0.2128,66000,22.8,1,1,0,0.921,36,0,1,1,0,0,0,0,0,0,0,0,1,0,0,0,0,1,1,0,0,0,0,1,0,1,0,0
"Current",35000,0.1242,101000,18.75,0,0,0,0.788,41,0,1,0,0,1,0,0,1,0,0,0,0,0,1,0,0,0,1,0,0,0,0,1,0,1,0,0
"Current",30000,0.203,180000,23.42,0,0,0,0.603,32,0,1,0,0,0,1,0,0,0,0,1,0,0,0,1,0,0,0,1,0,0,0,1,0,1,0,0
"Late",14125,0.1942,50620,22.78,0,1,0,0.751,47,0,1,0,1,0,0,0,0,0,0,1,0,0,1,0,0,0,0,0,1,0,0,1,0,1,0,0
"Current",35000,0.2128,120000,11.27,0,2,0,0.823,32,0,1,0,0,0,1,0,0,0,0,0,1,0,0,1,0,0,1,0,0,0,0,1,0,1,0,0
"In Grace Period",6700,0.1527,26000,16.43,0,3,0,0.541,36,0,1,0,0,0,1,0,0,1,0,0,0,0,0,1,0,0,0,0,1,0,1,0,0,0,0,1
"Current",35000,0.1171,100500,19.9,0,0,0,0.666,33,0,1,0,0,0,1,0,1,0,0,0,0,0,0,0,0,1,1,0,0,0,0,1,0,1,0,0
"Current",10500,0.1942,50000,6.36,0,3,0,0.661,16,0,1,1,0,0,0,0,0,0,0,1,0,0,0,1,0,0,1,0,0,0,0,1,0,0,1,0
"Current",20000,0.1349,75000,25.23,0,0,0,0.75,20,0,1,0,0,1,0,0,0,1,0,0,0,0,0,1,0,0,0,1,0,0,0,1,0,1,0,0
"Current",20000,0.1171,45000,6.11,0,0,0,0.387,15,0,1,0,0,1,0,0,1,0,0,0,0,0,0,0,1,0,1,0,0,0,0,1,0,1,0,0
"Current",20000,0.1596,80856,11.92,0,1,0,0.651,10,0,1,0,0,0,1,0,0,1,0,0,0,0,1,0,0,0,0,0,1,0,0,1,0,1,0,0
"Current",28000,0.1864,140000,17.76,0,1,0,0.149,21,0,1,0,0,1,0,0,0,0,0,1,0,0,1,0,0,0,1,0,0,0,0,1,0,0,0,1
"Current",22400,0.1825,51000,16,0,2,0,0.257,43,0,1,1,0,0,0,0,0,0,1,0,0,0,0,1,0,0,1,0,0,0,0,1,0,1,0,0
"Current",30500,0.1427,125000,17.2,0,0,0,0.625,29,0,1,0,0,1,0,0,0,1,0,0,0,0,0,0,0,1,1,0,0,0,0,1,0,1,0,0
"In Grace Period",20000,0.1427,120000,24.5,0,0,0,0.58,60,0,1,0,0,0,1,0,0,1,0,0,0,0,1,0,0,0,0,0,1,0,1,0,0,1,0,0
"Current",13200,0.1349,42996,4.63,0,0,0,0.172,5,0,1,0,0,0,1,0,0,1,0,0,0,0,1,0,0,0,0,0,1,0,0,1,0,0,0,1
"Current",21600,0.1677,75000,10.46,0,0,0,0.807,12,0,1,0,1,0,0,0,0,0,1,0,0,0,0,0,1,0,1,0,0,0,1,0,0,1,0,0
"Current",14000,0.1677,108000,18.39,0,0,0,0.675,33,0,1,1,0,0,0,0,0,0,1,0,0,0,1,0,0,0,1,0,0,1,0,0,0,1,0,0
"Current",16000,0.1677,120000,16.44,0,0,0,0.881,25,0,1,0,0,0,1,0,0,0,1,0,0,0,0,0,0,1,1,0,0,1,0,0,0,1,0,0
"Current",5000,0.1991,97008,24.76,0,1,0,0.999,33,0,1,0,0,1,0,0,0,0,0,1,0,0,1,0,0,0,1,0,0,0,0,1,0,0,0,1
"Current",16000,0.1758,32000,16.73,1,1,0,0.534,18,0,1,0,1,0,0,0,0,0,1,0,0,0,1,0,0,0,0,0,1,0,1,0,0,1,0,0
"Current",12800,0.089,50400,19.9,0,0,0,0.228,13,0,1,0,0,0,1,1,0,0,0,0,0,0,1,0,0,0,1,0,0,0,1,0,0,1,0,0
"Current",32275,0.1171,77000,18.12,0,0,0,0.633,16,0,1,0,1,0,0,0,1,0,0,0,0,0,1,0,0,0,0,0,1,0,0,1,0,1,0,0
"Current",7800,0.0991,50004,10.97,0,0,0,0.627,30,0,1,0,0,0,1,0,1,0,0,0,0,0,1,0,0,0,1,0,0,0,0,1,0,1,0,0
"Current",25000,0.1065,79000,14.92,0,0,0,0.353,24,0,1,0,0,0,1,0,1,0,0,0,0,0,0,0,0,1,0,0,1,0,0,1,0,1,0,0
"Current",7500,0.1903,150000,4.5,0,0,0,0.519,19,0,1,0,1,0,0,0,0,0,0,1,0,0,0,0,0,1,1,0,0,1,0,0,0,0,0,1
"Current",30400,0.2128,110000,7.42,0,3,0,0.857,36,0,1,1,0,0,0,0,0,0,0,0,1,0,1,0,0,0,1,0,0,0,0,1,0,1,0,0
"Current",9600,0.1677,60000,8.54,0,0,0,0.773,5,0,1,0,0,0,1,0,0,0,1,0,0,0,0,1,0,0,0,0,1,0,0,1,1,0,0,0
"Current",15000,0.1758,48000,20.32,0,0,0,0.661,27,0,1,0,0,1,0,0,0,0,1,0,0,0,0,0,0,1,1,0,0,1,0,0,0,0,0,1
"Current",30000,0.1991,173156,9.65,1,1,0,0.566,37,0,1,0,1,0,0,0,0,0,0,1,0,0,0,0,0,1,1,0,0,0,1,0,0,1,0,0
"Current",19000,0.1677,45000,23.25,3,0,0,0.602,21,0,1,1,0,0,0,0,0,0,1,0,0,0,0,0,0,1,1,0,0,0,0,1,0,1,0,0
"Current",16000,0.1864,46000,22.46,0,2,0,0.941,16,0,1,0,0,0,1,0,0,0,0,1,0,0,0,0,1,0,1,0,0,0,0,1,0,1,0,0
"Current",13000,0.1465,60000,12.3,0,1,0,0.716,11,0,1,0,0,0,1,0,0,1,0,0,0,0,0,0,1,0,1,0,0,0,0,1,0,1,0,0
"Current",35000,0.1242,150000,10.38,0,0,0,0.633,28,0,1,0,1,0,0,0,1,0,0,0,0,0,0,0,1,0,1,0,0,0,1,0,0,0,1,0
"Current",23000,0.1427,73000,21.14,0,0,0,0.939,24,0,1,0,0,1,0,0,0,1,0,0,0,0,0,1,0,0,0,0,1,0,0,1,0,1,0,0
"Current",30000,0.1171,115000,12.27,0,0,0,0.408,29,0,1,0,0,1,0,0,1,0,0,0,0,0,1,0,0,0,1,0,0,0,0,1,0,1,0,0
"Current",12000,0.089,60000,9.6,0,0,0,0.011,31,0,1,0,0,1,0,1,0,0,0,0,0,0,0,0,0,1,1,0,0,0,1,0,0,1,0,0
"Current",15000,0.1727,70000,14.83,0,1,0,0.593,30,0,1,0,0,1,0,0,0,0,1,0,0,0,0,0,0,1,1,0,0,1,0,0,0,1,0,0
"Current",4600,0.1727,37000,24.23,0,0,0,0.526,24,0,1,0,0,0,1,0,0,0,1,0,0,0,1,0,0,0,0,0,1,1,0,0,0,1,0,0
"Current",3000,0.1527,56004,4.5,0,2,0,0.193,25,0,1,0,1,0,0,0,0,1,0,0,0,0,0,0,1,0,0,0,1,1,0,0,0,0,0,1
"Current",6000,0.1903,38400,20.47,0,1,1,0.837,10,0,1,0,0,0,1,0,0,0,0,1,0,0,1,0,0,0,0,0,1,0,0,1,0,0,0,1
"Current",12600,0.079,48000,6.4,0,0,0,0.142,16,0,1,1,0,0,0,1,0,0,0,0,0,0,0,1,0,0,1,0,0,1,0,0,0,0,1,0
"Current",20000,0.1065,52000,29.63,0,0,0,0.575,14,0,1,0,1,0,0,0,1,0,0,0,0,0,0,0,0,1,1,0,0,0,0,1,0,1,0,0
"Current",35000,0.2206,145000,12.94,3,0,0,0.199,61,0,1,0,1,0,0,0,0,0,0,0,1,0,1,0,0,0,0,0,1,0,0,1,0,1,0,0
"Current",15000,0.1427,95000,13.72,0,0,0,0.667,14,0,1,0,1,0,0,0,0,1,0,0,0,0,0,1,0,0,1,0,0,1,0,0,0,1,0,0
"Current",35000,0.2128,120000,8.12,1,1,0,0.894,20,0,1,0,0,0,1,0,0,0,0,0,1,0,0,0,0,1,1,0,0,0,0,1,0,1,0,0
"Late",12000,0.1596,116000,8.86,0,2,0,0.557,17,0,1,1,0,0,0,0,0,1,0,0,0,0,0,0,0,1,1,0,0,0,0,1,0,0,1,0
"Late",24925,0.1727,117961,23.2,0,0,0,0.799,23,0,1,0,0,1,0,0,0,0,1,0,0,0,0,0,0,1,1,0,0,0,0,1,0,1,0,0
"Current",14400,0.1727,34008,11.75,1,1,0,0.283,17,0,1,0,0,0,1,0,0,0,1,0,0,0,0,1,0,0,0,0,1,0,0,1,0,1,0,0
"Current",35000,0.2274,120000,24,0,0,0,0.714,35,0,1,0,0,0,1,0,0,0,0,0,0,1,0,0,0,1,1,0,0,0,0,1,0,0,1,0
"Current",2000,0.1864,42000,7.89,0,1,0,0.627,9,0,1,0,0,1,0,0,0,0,0,1,0,0,1,0,0,0,0,0,1,0,1,0,0,1,0,0
"Current",35000,0.2089,160000,12.11,0,1,2,0.914,21,0,1,1,0,0,0,0,0,0,0,0,1,0,0,0,0,1,1,0,0,0,0,1,0,1,0,0
"Current",30000,0.0991,72000,9.05,0,0,0,0.058,25,0,1,0,1,0,0,0,1,0,0,0,0,0,0,0,0,1,1,0,0,0,0,1,0,0,1,0
"Current",6600,0.1727,43500,0.41,0,0,0,0.118,9,0,1,0,0,1,0,0,0,0,1,0,0,0,1,0,0,0,0,0,1,0,1,0,1,0,0,0
"Current",13500,0.079,27000,17.33,0,0,0,0.378,17,0,1,0,0,1,0,1,0,0,0,0,0,0,0,1,0,0,0,0,1,0,0,1,0,1,0,0
"Current",20000,0.1677,79000,9.6,0,1,0,0.85,25,0,1,0,0,1,0,0,0,0,1,0,0,0,0,1,0,0,1,0,0,0,0,1,0,1,0,0
"Current",14000,0.089,150000,14.02,0,0,0,0.629,25,0,1,0,0,1,0,1,0,0,0,0,0,0,1,0,0,0,1,0,0,0,0,1,0,0,1,0
"Current",6200,0.1242,38400,4.94,0,0,0,0.759,11,0,1,0,0,0,1,0,1,0,0,0,0,0,1,0,0,0,0,0,1,0,1,0,0,1,0,0
"Current",6000,0.1465,50000,20.02,0,1,0,0.541,19,0,1,0,1,0,0,0,0,1,0,0,0,0,0,1,0,0,1,0,0,0,1,0,0,1,0,0
"Current",12000,0.0991,40000,1.29,0,0,0,0.125,7,0,1,0,0,1,0,0,1,0,0,0,0,0,1,0,0,0,0,0,1,1,0,0,1,0,0,0
"Current",25000,0.1269,41658,20.88,0,0,0,0.322,18,0,1,0,0,1,0,0,1,0,0,0,0,0,0,1,0,0,0,0,1,0,0,1,0,0,0,1
"Current",35000,0.2206,67000,21.55,0,0,0,0.996,22,0,1,0,1,0,0,0,0,0,0,0,1,0,0,1,0,0,0,0,1,0,0,1,0,1,0,0
"Current",20000,0.1427,57000,17.35,0,0,0,0.921,17,0,1,0,1,0,0,0,0,1,0,0,0,0,1,0,0,0,0,1,0,0,0,1,0,1,0,0
"Current",35000,0.1242,270000,6.78,0,0,0,0.604,26,0,1,0,0,1,0,0,1,0,0,0,0,0,1,0,0,0,1,0,0,0,1,0,0,1,0,0
"Current",24800,0.1427,95000,3.89,0,0,0,0.048,5,0,1,0,1,0,0,0,0,1,0,0,0,0,0,0,1,0,0,0,1,0,0,1,0,0,0,1
"Current",35000,0.1991,204000,15.36,0,3,0,0.922,19,0,1,1,0,0,0,0,0,0,0,1,0,0,0,0,0,1,0,1,0,0,0,1,0,0,1,0
"Current",17100,0.1427,94000,15.03,0,0,0,0.642,41,0,1,0,1,0,0,0,0,1,0,0,0,0,1,0,0,0,1,0,0,0,0,1,0,1,0,0
"Current",10575,0.1171,50000,22.81,0,0,0,0.529,24,0,1,0,0,0,1,0,1,0,0,0,0,0,1,0,0,0,1,0,0,0,0,1,0,1,0,0
"Current",4000,0.1527,19200,7.13,0,1,0,0.158,8,0,1,0,0,0,1,0,0,1,0,0,0,0,0,0,1,0,0,0,1,1,0,0,1,0,0,0
"Current",21000,0.1269,75000,13.92,0,2,0,0.826,23,0,1,0,0,1,0,0,1,0,0,0,0,0,0,0,0,1,1,0,0,0,0,1,0,0,0,1
"Current",12000,0.1427,53100,22.85,0,0,0,0.64,24,0,1,0,1,0,0,0,0,1,0,0,0,0,0,1,0,0,0,0,1,0,1,0,0,1,0,0
"Current",20000,0.1427,102000,8.46,0,0,0,0.5,29,0,1,0,1,0,0,0,0,1,0,0,0,0,0,0,0,1,1,0,0,0,0,1,0,0,0,1
"Current",24000,0.1269,94000,17.8,0,2,0,0.317,28,0,1,0,0,0,1,0,1,0,0,0,0,0,0,1,0,0,1,0,0,0,0,1,0,0,0,1
"Current",30000,0.2235,290000,7.26,0,0,0,0.514,36,0,1,0,0,1,0,0,0,0,0,0,1,0,1,0,0,0,0,0,1,0,1,0,0,1,0,0
"Current",35000,0.1242,61200,22.43,0,0,0,0.408,19,0,1,0,0,1,0,0,1,0,0,0,0,0,1,0,0,0,1,0,0,0,0,1,0,1,0,0
"Current",12000,0.1727,82500,14.11,0,0,0,0.919,11,0,1,0,0,0,1,0,0,0,1,0,0,0,1,0,0,0,0,0,1,0,1,0,0,1,0,0
"Current",9325,0.1171,46000,27.99,0,0,0,0.887,27,0,1,0,0,1,0,0,1,0,0,0,0,0,0,1,0,0,1,0,0,0,0,1,0,0,0,1
"Current",20000,0.1242,120000,9.54,0,1,0,0.025,53,0,1,0,1,0,0,0,1,0,0,0,0,0,1,0,0,0,1,0,0,0,0,1,0,1,0,0
"Current",24000,0.1758,160000,14.83,0,0,0,0.701,54,0,1,0,0,0,1,0,0,0,1,0,0,0,0,1,0,0,1,0,0,0,1,0,0,1,0,0
"Current",20000,0.1864,57000,21.07,0,1,0,0.886,32,0,1,0,0,1,0,0,0,0,0,1,0,0,0,1,0,0,0,0,1,0,0,1,0,1,0,0
"Current",17500,0.1171,35000,15.15,0,0,0,0.015,17,0,1,1,0,0,0,0,1,0,0,0,0,0,1,0,0,0,1,0,0,0,0,1,0,0,1,0
"Current",12000,0.1349,63000,23.66,0,0,0,0.717,21,0,1,0,0,1,0,0,0,1,0,0,0,0,0,0,0,1,1,0,0,0,1,0,0,1,0,0
"Current",20000,0.1171,120000,6.51,0,0,0,0.031,20,0,1,0,1,0,0,0,1,0,0,0,0,0,1,0,0,0,0,0,1,0,1,0,0,0,0,1
"Current",9375,0.2167,38000,14.59,0,3,0,0.249,40,0,1,0,0,0,1,0,0,0,0,0,1,0,0,0,1,0,1,0,0,1,0,0,0,1,0,0
"Current",8300,0.1465,48000,19.23,0,2,0,0.27,19,0,1,1,0,0,0,0,0,1,0,0,0,0,0,1,0,0,0,0,1,0,0,1,0,1,0,0
"Current",25000,0.1677,52800,21.27,0,0,0,0.423,52,0,1,0,0,1,0,0,0,0,1,0,0,0,0,1,0,0,1,0,0,0,0,1,0,1,0,0
"Current",14000,0.203,47000,5.95,0,0,0,0.882,10,0,1,0,0,1,0,0,0,0,0,1,0,0,0,0,1,0,1,0,0,0,1,0,0,0,0,1
"Current",35000,0.2206,95800,21.81,0,1,0,0.488,47,0,1,1,0,0,0,0,0,0,0,0,1,0,0,0,0,1,1,0,0,0,0,1,0,1,0,0
"Current",20000,0.1758,75000,20.61,0,0,0,0.738,9,0,1,0,0,0,1,0,0,0,1,0,0,0,1,0,0,0,0,0,1,0,0,1,0,1,0,0
"Late",35000,0.1349,85000,11.34,0,1,0,0.376,24,0,1,1,0,0,0,0,0,1,0,0,0,0,0,0,1,0,1,0,0,0,1,0,0,1,0,0
"In Grace Period",13600,0.1727,51000,22.64,0,0,0,0.797,20,0,1,0,0,0,1,0,0,0,1,0,0,0,0,1,0,0,1,0,0,0,0,1,0,1,0,0
"Current",15000,0.1349,94000,12.05,1,0,0,0.672,50,0,1,1,0,0,0,0,0,1,0,0,0,0,0,0,1,0,1,0,0,0,1,0,0,1,0,0
"Current",12375,0.1349,42000,28.54,0,1,0,0.457,14,0,1,0,1,0,0,0,0,1,0,0,0,0,1,0,0,0,0,0,1,0,0,1,0,1,0,0
"Current",22400,0.1171,106000,29.25,0,0,0,0.47,24,0,1,0,0,1,0,0,1,0,0,0,0,0,0,0,0,1,1,0,0,0,0,1,0,1,0,0
"Current",25000,0.1825,156000,5.85,0,0,0,0.508,23,0,1,0,0,0,1,0,0,0,1,0,0,0,0,0,1,0,1,0,0,0,1,0,0,0,1,0
"Current",15000,0.1242,36000,8.83,0,0,0,0.847,11,0,1,0,0,0,1,0,1,0,0,0,0,0,0,0,1,0,0,0,1,0,1,0,1,0,0,0
"Current",16000,0.1349,96000,4.67,1,0,0,0.336,35,0,1,0,0,0,1,0,0,1,0,0,0,0,0,0,0,1,1,0,0,0,1,0,0,1,0,0
"Current",18000,0.1065,40000,13.62,0,0,0,0.307,27,0,1,1,0,0,0,0,1,0,0,0,0,0,0,1,0,0,1,0,0,0,0,1,0,0,0,1
"Current",16000,0.1727,180000,12.84,0,1,0,0.22,42,0,1,0,0,0,1,0,0,0,1,0,0,0,0,1,0,0,1,0,0,0,1,0,0,0,0,1
"Current",12000,0.1527,48000,11.65,0,1,0,0.974,6,0,1,0,1,0,0,0,0,1,0,0,0,0,0,1,0,0,0,0,1,1,0,0,0,1,0,0
"Current",20000,0.1465,106000,9.03,0,3,0,0.164,16,0,1,1,0,0,0,0,0,1,0,0,0,0,0,1,0,0,1,0,0,0,1,0,0,0,1,0
"Current",25000,0.1065,38400,22.47,0,0,0,0.284,41,0,1,0,0,1,0,0,1,0,0,0,0,0,0,1,0,0,0,1,0,0,0,1,0,1,0,0
"Current",12000,0.1065,72000,12,0,1,0,0.282,33,0,1,0,0,1,0,0,1,0,0,0,0,0,1,0,0,0,1,0,0,0,1,0,0,0,0,1
"Current",30000,0.2274,130000,16.56,0,1,0,0.648,25,0,1,0,0,1,0,0,0,0,0,0,0,1,1,0,0,0,1,0,0,0,0,1,0,1,0,0
"Current",17725,0.1171,57000,28.25,0,0,0,0.362,41,0,1,0,0,1,0,0,1,0,0,0,0,0,0,0,0,1,1,0,0,0,0,1,0,1,0,0
"Current",20000,0.1825,62000,17.79,0,0,0,0.894,11,0,1,0,0,1,0,0,0,0,1,0,0,0,0,0,0,1,0,1,0,0,0,1,0,1,0,0
"Current",15000,0.1349,72000,1.17,0,1,0,0.153,7,0,1,0,0,1,0,0,0,1,0,0,0,0,1,0,0,0,0,0,1,0,1,0,1,0,0,0
"Current",15000,0.1758,65000,15.49,1,3,0,0.515,27,0,1,0,0,1,0,0,0,0,1,0,0,0,1,0,0,0,0,0,1,0,0,1,0,1,0,0
"Current",12600,0.1942,55000,17.74,0,1,0,0.869,20,0,1,0,0,0,1,0,0,0,0,1,0,0,1,0,0,0,0,0,1,0,1,0,0,1,0,0
"Current",25000,0.1242,150000,14.27,0,2,0,0.631,30,0,1,0,0,1,0,0,1,0,0,0,0,0,0,0,1,0,1,0,0,0,0,1,0,0,1,0
"Current",5000,0.1065,79200,22.53,0,0,0,0.46,37,0,1,0,0,1,0,0,1,0,0,0,0,0,0,0,0,1,1,0,0,0,0,1,1,0,0,0
"Current",9400,0.1427,62000,24.15,0,1,0,0.456,24,0,1,0,1,0,0,0,0,1,0,0,0,0,1,0,0,0,1,0,0,0,1,0,0,1,0,0
"Current",12600,0.1269,64590,18.04,0,0,0,0.802,13,0,1,0,1,0,0,0,1,0,0,0,0,0,0,0,0,1,0,0,1,0,0,1,0,0,0,1
"Current",24000,0.2206,91200,9.05,1,1,0,0.211,13,0,1,0,0,1,0,0,0,0,0,0,1,0,1,0,0,0,0,0,1,0,1,0,0,0,0,1
"Current",2800,0.0991,33204,1.08,0,1,0,0.07,11,0,1,0,1,0,0,0,1,0,0,0,0,0,0,1,0,0,0,0,1,0,1,0,0,1,0,0
"Current",12175,0.1065,106000,15.5,0,1,0,0.403,33,0,1,0,0,0,1,0,1,0,0,0,0,0,0,0,0,1,1,0,0,0,0,1,0,1,0,0
"Current",15000,0.1677,88000,5.66,0,0,0,0.357,23,0,1,0,0,0,1,0,0,0,1,0,0,0,1,0,0,0,0,0,1,0,0,1,0,1,0,0
"Current",25000,0.1242,68000,19.24,0,1,0,0.364,21,0,1,0,0,0,1,0,1,0,0,0,0,0,0,0,0,1,1,0,0,0,0,1,0,1,0,0
"Current",15850,0.1349,40000,28.71,0,1,0,0.471,15,0,1,0,0,0,1,0,0,1,0,0,0,0,0,0,0,1,0,0,1,0,0,1,0,1,0,0
"Current",3000,0.1065,90000,11.53,0,0,0,0.864,12,0,1,0,1,0,0,0,1,0,0,0,0,0,0,1,0,0,1,0,0,0,1,0,0,0,0,1
"Current",6625,0.1427,25995,24.68,0,3,0,0.72,26,0,1,1,0,0,0,0,0,1,0,0,0,0,0,1,0,0,1,0,0,0,0,1,0,1,0,0
"Current",12800,0.1242,98300,19.46,0,0,0,0.433,44,0,1,0,0,1,0,0,1,0,0,0,0,0,1,0,0,0,1,0,0,0,1,0,0,0,0,1
"Current",14000,0.1727,77000,15.05,0,2,1,0.522,36,0,1,1,0,0,0,0,0,0,1,0,0,0,0,0,0,1,0,0,1,1,0,0,0,1,0,0
"Current",12000,0.1903,140000,8.32,1,0,0,0.977,42,0,1,0,0,1,0,0,0,0,0,1,0,0,0,0,0,1,0,0,1,0,0,1,0,0,0,1
"Current",20000,0.1065,90000,2.16,0,0,0,0.184,13,0,1,0,1,0,0,0,1,0,0,0,0,0,0,1,0,0,0,1,0,0,1,0,0,0,0,1
"Current",27000,0.1065,61900,18.92,0,0,0,0.633,26,0,1,0,0,1,0,0,1,0,0,0,0,0,0,0,1,0,1,0,0,0,0,1,0,1,0,0
"Current",35000,0.2089,77160,9.56,0,1,0,0.332,44,0,1,0,0,1,0,0,0,0,0,0,1,0,0,0,0,1,0,1,0,0,1,0,0,1,0,0
"Current",14000,0.079,53000,27.74,0,0,0,0.063,26,0,1,0,1,0,0,1,0,0,0,0,0,0,0,0,1,0,1,0,0,1,0,0,0,1,0,0
"Current",28000,0.1427,75000,19.86,0,0,0,0.322,48,0,1,0,1,0,0,0,0,1,0,0,0,0,1,0,0,0,0,0,1,0,0,1,0,1,0,0
"Current",15000,0.1677,72000,20.5,0,0,0,0.369,30,0,1,0,0,1,0,0,0,0,1,0,0,0,1,0,0,0,0,0,1,0,0,1,0,0,0,1
"Current",5150,0.1864,34992,17.59,0,3,1,0.873,21,0,1,0,1,0,0,0,0,0,0,1,0,0,1,0,0,0,0,0,1,0,1,0,0,1,0,0
"Current",34000,0.1991,243000,15.59,0,0,0,0.489,39,0,1,0,0,1,0,0,0,0,0,1,0,0,0,0,0,1,1,0,0,0,0,1,0,0,0,1
"Current",30000,0.1349,60000,14.16,0,2,0,0.109,37,0,1,0,0,0,1,0,0,1,0,0,0,0,0,0,0,1,0,0,1,0,0,1,0,0,0,1
"Current",25000,0.1465,70000,21.98,0,6,0,0.38,32,0,1,0,1,0,0,0,0,1,0,0,0,0,1,0,0,0,0,0,1,0,0,1,0,1,0,0
"Current",20000,0.2391,90000,13.91,0,1,0,0.991,17,0,1,0,0,0,1,0,0,0,0,0,0,1,1,0,0,0,1,0,0,0,0,1,0,1,0,0
"Current",12800,0.1864,80000,12,0,1,0,0.483,21,0,1,0,0,0,1,0,0,0,0,1,0,0,0,0,0,1,1,0,0,0,1,0,0,1,0,0
"Current",27000,0.1942,95000,14.51,0,0,0,0.762,16,0,1,0,1,0,0,0,0,0,0,1,0,0,1,0,0,0,1,0,0,0,1,0,0,0,0,1
"Current",27500,0.1942,55000,8.01,0,0,0,0.498,23,0,1,0,0,0,1,0,0,0,0,1,0,0,0,0,1,0,0,0,1,0,0,1,0,0,0,1
"Current",13000,0.089,35000,16.9,0,0,0,0.298,23,0,1,0,1,0,0,1,0,0,0,0,0,0,0,0,0,1,0,0,1,0,1,0,0,0,0,1
"Current",8575,0.1065,47000,20.78,0,1,0,0.636,18,0,1,0,1,0,0,0,1,0,0,0,0,0,0,0,0,1,1,0,0,1,0,0,0,1,0,0
"Current",35000,0.1269,150000,7.55,0,1,0,0.323,24,0,1,0,0,1,0,0,1,0,0,0,0,0,0,1,0,0,1,0,0,0,0,1,0,0,1,0
"Current",20000,0.1065,40000,22.38,0,0,0,0.511,7,0,1,0,0,0,1,0,1,0,0,0,0,0,0,1,0,0,0,0,1,0,1,0,0,1,0,0
"Current",24000,0.2089,78500,6.76,0,3,0,0.847,15,0,1,0,0,0,1,0,0,0,0,0,1,0,0,1,0,0,1,0,0,0,0,1,0,1,0,0
"Current",35000,0.1242,108000,19,0,0,0,0.547,28,0,1,0,0,1,0,0,1,0,0,0,0,0,0,0,0,1,1,0,0,0,0,1,0,1,0,0
"Current",30000,0.2089,174996,9.94,1,1,0,0.815,22,0,1,0,0,1,0,0,0,0,0,0,1,0,0,0,0,1,1,0,0,0,0,1,0,0,1,0
"Current",15000,0.1427,44000,16.5,0,0,0,0.487,15,0,1,0,1,0,0,0,0,1,0,0,0,0,0,0,0,1,1,0,0,0,0,1,0,1,0,0
"Current",30000,0.1903,150000,15.18,0,0,0,0.568,45,0,1,0,0,0,1,0,0,0,0,1,0,0,0,0,0,1,1,0,0,0,1,0,0,1,0,0
"Current",30000,0.1242,105000,18.1,0,0,0,0.768,38,0,1,0,0,1,0,0,1,0,0,0,0,0,0,0,0,1,1,0,0,0,1,0,0,1,0,0
"Current",14000,0.0991,70720,8.84,0,2,0,0.357,20,0,1,1,0,0,0,0,1,0,0,0,0,0,0,0,1,0,1,0,0,1,0,0,0,1,0,0
"Current",25000,0.1903,44400,18.65,0,0,0,0.879,14,0,1,0,0,1,0,0,0,0,0,1,0,0,0,0,0,1,0,1,0,0,1,0,0,1,0,0
"Current",25000,0.1065,50000,15.38,0,0,0,0.505,22,0,1,0,1,0,0,0,1,0,0,0,0,0,1,0,0,0,1,0,0,0,1,0,0,1,0,0
"Current",25000,0.1727,140000,24.17,0,0,0,0.631,54,0,1,0,0,0,1,0,0,0,1,0,0,0,0,0,0,1,1,0,0,0,1,0,0,0,0,1
"Current",5750,0.1427,54000,18.11,0,0,0,0.893,32,0,1,0,0,1,0,0,0,1,0,0,0,0,0,1,0,0,1,0,0,0,0,1,0,1,0,0
"Current",16000,0.1727,52044,1.94,1,1,0,0.291,16,0,1,1,0,0,0,0,0,0,1,0,0,0,1,0,0,0,1,0,0,0,1,0,0,0,0,1
"Current",15000,0.1065,190000,17.04,0,1,0,0.038,28,0,1,0,0,1,0,0,1,0,0,0,0,0,0,0,0,1,1,0,0,0,0,1,0,0,1,0
"Current",7200,0.1864,30000,13.56,0,2,0,0,13,0,1,0,0,1,0,0,0,0,0,1,0,0,0,1,0,0,0,0,1,0,1,0,0,0,1,0
"Current",35000,0.1677,85000,2.95,0,0,0,0.884,11,0,1,0,0,1,0,0,0,0,1,0,0,0,0,0,0,1,1,0,0,0,1,0,0,1,0,0
"Current",13600,0.1758,81060,8.1,1,1,0,0.425,15,0,1,0,1,0,0,0,0,0,1,0,0,0,0,0,0,1,1,0,0,1,0,0,0,0,0,1
"In Grace Period",14400,0.1758,89000,7.48,4,0,0,0,22,0,1,0,1,0,0,0,0,0,1,0,0,0,0,0,0,1,0,0,1,0,1,0,0,0,0,1
"Current",21000,0.1465,72000,22.98,0,1,0,0.644,27,0,1,0,0,1,0,0,0,1,0,0,0,0,0,1,0,0,1,0,0,0,1,0,0,0,1,0
"Current",18000,0.1596,114000,14.29,0,2,0,0.79,34,0,1,0,0,0,1,0,0,1,0,0,0,0,0,0,0,1,1,0,0,0,0,1,0,1,0,0
"Current",20000,0.1758,117996,18.28,1,2,0,0.578,36,0,1,1,0,0,0,0,0,0,1,0,0,0,0,0,0,1,1,0,0,0,0,1,0,1,0,0
"Current",23000,0.1758,55000,17.76,0,1,0,0.394,15,0,1,0,1,0,0,0,0,0,1,0,0,0,1,0,0,0,0,0,1,0,0,1,0,1,0,0
"Current",12000,0.089,50000,8.98,0,0,0,0.227,19,0,1,0,1,0,0,1,0,0,0,0,0,0,0,1,0,0,1,0,0,1,0,0,0,1,0,0
"Current",25000,0.1825,120000,17.43,1,3,0,0.922,20,0,1,1,0,0,0,0,0,0,1,0,0,0,0,0,1,0,1,0,0,0,1,0,0,0,0,1
"Current",30000,0.1427,80000,17.43,1,0,0,0.496,23,0,1,0,1,0,0,0,0,1,0,0,0,0,0,1,0,0,0,0,1,0,0,1,0,1,0,0
"Current",25000,0.1349,50000,19.97,0,0,0,0.626,12,0,1,0,0,0,1,0,0,1,0,0,0,0,1,0,0,0,0,1,0,0,0,1,0,1,0,0
"Current",21725,0.1349,69200,25.04,0,4,0,0.581,36,0,1,1,0,0,0,0,0,1,0,0,0,0,0,1,0,0,1,0,0,0,0,1,0,1,0,0
"Current",15000,0.089,64000,8.2,0,0,0,0,20,0,1,0,0,0,1,1,0,0,0,0,0,0,0,0,1,0,0,0,1,0,0,1,0,0,0,1
"Current",4800,0.1991,41000,24.61,0,1,0,0.996,23,0,1,0,0,1,0,0,0,0,0,1,0,0,1,0,0,0,0,1,0,0,0,1,0,1,0,0
"Current",15000,0.1269,44500,11.24,0,1,0,0.368,46,0,1,0,0,1,0,0,1,0,0,0,0,0,1,0,0,0,1,0,0,1,0,0,0,1,0,0
"Current",35000,0.1758,65000,16.49,0,0,0,0.891,25,0,1,0,1,0,0,0,0,0,1,0,0,0,1,0,0,0,0,0,1,0,0,1,0,0,0,1
"Current",14400,0.1942,68800,9.23,1,0,0,0.607,38,0,1,1,0,0,0,0,0,0,0,1,0,0,0,0,1,0,1,0,0,1,0,0,0,1,0,0
"Current",12000,0.1903,39600,20.97,1,1,0,0.325,15,0,1,0,0,0,1,0,0,0,0,1,0,0,1,0,0,0,0,0,1,1,0,0,1,0,0,0
"Current",30000,0.2089,70000,15.33,1,0,0,0.738,7,0,1,0,0,0,1,0,0,0,0,0,1,0,1,0,0,0,1,0,0,0,0,1,0,0,0,1
"Current",14000,0.1596,70000,6.89,0,2,0,0.21,32,0,1,0,0,1,0,0,0,1,0,0,0,0,0,1,0,0,1,0,0,0,1,0,0,0,1,0
"Current",35000,0.1171,75000,19.87,0,0,0,0.342,32,0,1,1,0,0,0,0,1,0,0,0,0,0,0,0,0,1,1,0,0,0,0,1,0,1,0,0
"Current",11100,0.089,85356,21.23,0,0,0,0.406,39,0,1,0,0,0,1,1,0,0,0,0,0,0,0,0,0,1,1,0,0,0,1,0,0,1,0,0
"Current",12000,0.1727,90000,16.83,0,1,0,0.873,12,0,1,0,0,1,0,0,0,0,1,0,0,0,1,0,0,0,1,0,0,1,0,0,1,0,0,0
"Current",29175,0.1825,58000,16.7,0,1,0,0.469,17,0,1,0,0,1,0,0,0,0,1,0,0,0,1,0,0,0,1,0,0,0,0,1,0,0,1,0
"Current",30000,0.1903,60000,20.98,0,0,0,0.6,28,0,1,0,0,1,0,0,0,0,0,1,0,0,0,1,0,0,1,0,0,0,0,1,0,1,0,0
"Current",5000,0.2089,74000,17.95,0,0,0,0.988,27,0,1,0,0,1,0,0,0,0,0,0,1,0,0,0,1,0,1,0,0,1,0,0,0,0,0,1
"Current",6000,0.1596,39500,8.93,0,1,0,0.666,11,0,1,0,1,0,0,0,0,1,0,0,0,0,0,0,0,1,0,0,1,0,1,0,0,1,0,0
"Current",35000,0.1171,120000,11.4,0,0,0,0.15,29,0,1,0,1,0,0,0,1,0,0,0,0,0,0,0,0,1,1,0,0,0,1,0,0,1,0,0
"Current",12000,0.1269,1e+05,5.22,0,4,0,0.446,24,0,1,0,0,1,0,0,1,0,0,0,0,0,0,0,1,0,1,0,0,1,0,0,0,0,1,0
"Current",28000,0.1465,150000,12.03,0,1,0,0.604,45,0,1,0,0,0,1,0,0,1,0,0,0,0,0,0,0,1,1,0,0,0,1,0,0,1,0,0
"Current",12600,0.1427,65000,15.71,0,0,0,0.259,34,0,1,0,0,1,0,0,0,1,0,0,0,0,0,0,0,1,1,0,0,0,1,0,0,1,0,0
"Current",25875,0.2313,90000,21.64,0,1,0,0.954,24,0,1,1,0,0,0,0,0,0,0,0,0,1,0,0,0,1,1,0,0,0,0,1,0,1,0,0
"Current",25000,0.1171,93000,14.98,0,1,0,0.273,30,0,1,0,0,1,0,0,1,0,0,0,0,0,0,0,0,1,1,0,0,0,0,1,0,1,0,0
"Current",32875,0.1596,60000,22.5,0,1,0,0.721,29,0,1,0,1,0,0,0,0,1,0,0,0,0,0,1,0,0,1,0,0,0,0,1,0,0,0,1
"Current",12500,0.0991,42000,17.09,0,1,0,0.109,14,0,1,0,0,1,0,0,1,0,0,0,0,0,1,0,0,0,1,0,0,0,1,0,0,0,0,1
"Current",16275,0.1269,50000,27.79,0,1,0,0.457,25,0,1,1,0,0,0,0,1,0,0,0,0,0,0,0,0,1,1,0,0,0,1,0,0,1,0,0
"Current",16500,0.1427,47400,11.9,0,3,0,0.909,21,0,1,0,0,0,1,0,0,1,0,0,0,0,1,0,0,0,1,0,0,0,1,0,0,1,0,0
"Current",5750,0.1427,67000,19.27,0,0,0,0.486,14,0,1,0,0,0,1,0,0,1,0,0,0,0,0,0,1,0,1,0,0,0,0,1,0,1,0,0
"In Grace Period",20000,0.1942,41145.6,15.57,0,1,0,0.714,18,0,1,0,1,0,0,0,0,0,0,1,0,0,1,0,0,0,0,0,1,0,0,1,0,1,0,0
"Current",30000,0.1242,50400,19.88,0,0,0,0.556,22,0,1,0,0,1,0,0,1,0,0,0,0,0,0,0,0,1,0,0,1,0,0,1,0,1,0,0
"Current",30000,0.1349,135000,15.96,0,1,0,0.3,42,0,1,0,0,1,0,0,0,1,0,0,0,0,1,0,0,0,1,0,0,0,0,1,0,1,0,0
"Current",23275,0.1065,52446,18.99,0,0,0,0.515,26,0,1,0,1,0,0,0,1,0,0,0,0,0,0,0,0,1,0,0,1,0,0,1,0,1,0,0
"Current",8000,0.1942,102000,11.38,0,1,0,0.391,18,0,1,0,0,1,0,0,0,0,0,1,0,0,0,1,0,0,0,0,1,0,0,1,0,0,0,1
"Current",12000,0.0991,72000,16.18,0,0,0,0.1,23,0,1,0,0,0,1,0,1,0,0,0,0,0,0,0,1,0,1,0,0,1,0,0,0,1,0,0
"Current",5000,0.1758,64000,12.47,1,1,0,0.166,15,0,1,0,1,0,0,0,0,0,1,0,0,0,0,0,0,1,0,0,1,0,0,1,0,1,0,0
"Current",7075,0.1242,26400,12.82,0,0,0,0.945,12,0,1,0,0,0,1,0,1,0,0,0,0,0,0,0,1,0,0,0,1,0,0,1,0,0,0,1
"In Grace Period",26200,0.2274,52000,17.77,0,3,0,0.568,25,0,1,0,0,1,0,0,0,0,0,0,0,1,0,1,0,0,0,0,1,0,0,1,0,1,0,0
"Current",16200,0.1242,70000,23.19,0,0,0,0.767,24,0,1,0,0,0,1,0,1,0,0,0,0,0,1,0,0,0,0,0,1,0,0,1,0,1,0,0
"Current",5000,0.1465,36000,18.1,0,1,0,0.53,18,0,1,0,0,1,0,0,0,1,0,0,0,0,1,0,0,0,0,0,1,1,0,0,0,1,0,0
"Current",25000,0.1427,159000,15.68,0,0,0,0.933,21,0,1,0,0,1,0,0,0,1,0,0,0,0,0,0,0,1,1,0,0,0,1,0,0,1,0,0
"Current",10000,0.1427,88000,12.74,0,2,0,0.765,21,0,1,0,1,0,0,0,0,1,0,0,0,0,1,0,0,0,1,0,0,1,0,0,1,0,0,0
"Current",4500,0.1825,60000,9.76,0,0,0,0.589,5,0,1,0,0,1,0,0,0,0,1,0,0,0,1,0,0,0,0,0,1,1,0,0,0,0,0,1
"Current",13000,0.1427,180000,9.69,0,0,0,0.731,27,0,1,0,0,1,0,0,0,1,0,0,0,0,1,0,0,0,1,0,0,0,0,1,0,1,0,0
"Current",13000,0.1727,37000,12.03,0,1,0,0.768,12,0,1,0,0,0,1,0,0,0,1,0,0,0,0,0,0,1,0,0,1,0,0,1,0,1,0,0
"Current",15000,0.1825,240000,7.13,1,0,0,0.57,34,0,1,1,0,0,0,0,0,0,1,0,0,0,1,0,0,0,1,0,0,0,1,0,0,0,1,0
"Current",35000,0.1171,78500,2.68,0,0,0,0.073,17,0,1,0,1,0,0,0,1,0,0,0,0,0,1,0,0,0,1,0,0,0,0,1,0,0,1,0
"Current",15000,0.1864,44004,21,1,0,0,0.321,39,0,1,0,0,1,0,0,0,0,0,1,0,0,0,0,0,1,1,0,0,1,0,0,0,1,0,0
"Current",12000,0.1269,42996,9.13,2,0,0,0.047,21,0,1,0,1,0,0,0,1,0,0,0,0,0,1,0,0,0,1,0,0,0,1,0,0,0,1,0
"Current",16800,0.0991,49000,16.97,0,1,0,0.287,37,0,1,0,0,1,0,0,1,0,0,0,0,0,0,0,1,0,1,0,0,0,0,1,0,1,0,0
"Current",35000,0.1942,110000,20.79,1,2,0,0.65,25,0,1,0,0,1,0,0,0,0,0,1,0,0,0,0,0,1,1,0,0,0,0,1,0,1,0,0
"Current",13500,0.1677,61368,24.01,0,2,0,0.688,30,0,1,0,1,0,0,0,0,0,1,0,0,0,0,0,1,0,0,0,1,0,0,1,0,1,0,0
"Current",20000,0.1465,65000,26.4,0,3,0,0.675,36,0,1,0,0,1,0,0,0,1,0,0,0,0,1,0,0,0,1,0,0,0,0,1,0,1,0,0
"Current",23675,0.1269,52500,20.07,0,1,0,0.532,41,0,1,0,1,0,0,0,1,0,0,0,0,0,1,0,0,0,1,0,0,0,0,1,0,1,0,0
"Current",14075,0.1171,56000,20.38,0,0,0,0.381,20,0,1,0,1,0,0,0,1,0,0,0,0,0,0,1,0,0,1,0,0,0,0,1,0,1,0,0
"Current",18800,0.1991,60000,22.88,0,1,0,0.95,21,0,1,0,0,1,0,0,0,0,0,1,0,0,0,0,0,1,1,0,0,0,1,0,0,1,0,0
"Current",20000,0.1465,60000,15.44,0,1,0,0.604,12,0,1,1,0,0,0,0,0,1,0,0,0,0,0,1,0,0,1,0,0,0,0,1,0,1,0,0
"Current",25000,0.1825,101000,16.27,0,0,0,0.772,25,0,1,0,0,1,0,0,0,0,1,0,0,0,1,0,0,0,1,0,0,0,1,0,0,1,0,0
"Current",30000,0.1065,60000,10.64,0,0,0,0.008,29,0,1,0,0,1,0,0,1,0,0,0,0,0,1,0,0,0,1,0,0,0,0,1,0,1,0,0
"Current",16000,0.1825,140000,18.55,0,2,0,0.745,63,0,1,0,0,1,0,0,0,0,1,0,0,0,0,0,0,1,0,0,1,0,1,0,0,1,0,0
"Current",21000,0.1527,86000,10.05,0,2,0,0.563,15,0,1,1,0,0,0,0,0,1,0,0,0,0,1,0,0,0,0,0,1,0,0,1,0,1,0,0
"Current",30000,0.1171,120000,11.8,0,1,0,0.31,35,0,1,0,0,1,0,0,1,0,0,0,0,0,0,0,0,1,1,0,0,0,0,1,0,0,1,0
"Current",4800,0.079,50000,0.6,0,0,0,0.07,26,0,1,0,0,1,0,1,0,0,0,0,0,0,0,1,0,0,1,0,0,0,1,0,0,0,1,0
"Current",16000,0.1596,48000,14.6,1,2,0,0.736,32,0,1,0,0,1,0,0,0,1,0,0,0,0,0,0,0,1,0,0,1,1,0,0,0,1,0,0
"Current",15200,0.1903,38000,12.88,0,0,0,0.831,28,0,1,0,1,0,0,0,0,0,0,1,0,0,0,0,0,1,1,0,0,0,0,1,0,1,0,0
"Current",25000,0.1758,84000,22.43,0,1,0,0.482,18,0,1,0,1,0,0,0,0,0,1,0,0,0,0,0,0,1,1,0,0,0,1,0,0,0,0,1
"Current",17500,0.1171,60996,19.56,0,1,0,0.085,21,0,1,0,0,1,0,0,1,0,0,0,0,0,0,0,0,1,0,1,0,1,0,0,0,0,1,0
"Current",20000,0.1825,360000,1.99,0,1,0,0.705,21,0,1,0,0,0,1,0,0,0,1,0,0,0,0,0,0,1,1,0,0,0,0,1,0,0,0,1
"Current",14225,0.1242,80000,21.99,1,0,0,0.33,25,0,1,0,0,1,0,0,1,0,0,0,0,0,0,0,0,1,1,0,0,0,1,0,0,1,0,0
"Current",15000,0.1991,46500,18.35,1,1,0,0.701,22,0,1,0,1,0,0,0,0,0,0,1,0,0,0,0,0,1,0,0,1,0,0,1,0,1,0,0
"Current",20000,0.203,65000,20.34,0,3,0,0.613,22,0,1,0,0,1,0,0,0,0,0,1,0,0,0,1,0,0,0,1,0,0,0,1,0,1,0,0
"Current",15250,0.2089,30696,18.8,1,2,0,0.876,25,0,1,0,0,1,0,0,0,0,0,0,1,0,1,0,0,0,0,0,1,0,0,1,0,1,0,0
"Current",15250,0.1269,55000,27.03,0,3,0,0.623,26,0,1,1,0,0,0,0,1,0,0,0,0,0,0,0,0,1,1,0,0,0,0,1,0,1,0,0
"Current",17600,0.1677,70900,23.27,0,0,0,0.691,18,0,1,0,1,0,0,0,0,0,1,0,0,0,1,0,0,0,0,0,1,0,1,0,0,1,0,0
"Current",12000,0.1242,90000,14.41,0,0,0,0.379,21,0,1,0,0,1,0,0,1,0,0,0,0,0,0,0,0,1,1,0,0,1,0,0,0,1,0,0
"Current",35000,0.1427,117500,11.23,0,1,0,0.41,34,0,1,0,0,1,0,0,0,1,0,0,0,0,0,0,0,1,1,0,0,0,0,1,0,1,0,0
"Current",20000,0.1864,45000,22.35,0,1,0,0.96,11,0,1,0,0,1,0,0,0,0,0,1,0,0,0,1,0,0,0,0,1,0,0,1,0,1,0,0
"Current",12800,0.1269,55000,8.97,0,2,0,0.6,18,0,1,0,0,0,1,0,1,0,0,0,0,0,1,0,0,0,1,0,0,0,0,1,0,1,0,0
"Current",4625,0.0991,50000,28.51,0,0,0,0.307,46,0,1,0,0,1,0,0,1,0,0,0,0,0,1,0,0,0,1,0,0,0,0,1,0,1,0,0
"Current",21000,0.1727,55000,19.51,0,2,0,0.703,17,0,1,0,0,1,0,0,0,0,1,0,0,0,0,0,0,1,1,0,0,0,1,0,0,1,0,0
"Current",20000,0.1991,60000,20.04,0,2,0,0.696,19,0,1,0,1,0,0,0,0,0,0,1,0,0,1,0,0,0,0,0,1,0,0,1,0,1,0,0
"Current",20000,0.1269,42116,15.73,0,2,0,0.385,18,0,1,0,0,1,0,0,1,0,0,0,0,0,0,1,0,0,1,0,0,0,0,1,0,0,0,1
"Current",30000,0.1171,63000,8.04,0,0,0,0.278,24,0,1,0,0,1,0,0,1,0,0,0,0,0,0,0,0,1,1,0,0,0,0,1,0,1,0,0
"Current",12000,0.1942,103000,10.57,4,1,0,0.337,22,0,1,0,1,0,0,0,0,0,0,1,0,0,0,1,0,0,0,0,1,0,0,1,0,1,0,0
"Current",12000,0.1427,72000,20.63,0,0,0,0.737,25,0,1,0,0,0,1,0,0,1,0,0,0,0,0,1,0,0,1,0,0,1,0,0,0,1,0,0
"Current",25000,0.1903,50000,15.05,0,0,0,0.671,37,0,1,0,0,1,0,0,0,0,0,1,0,0,1,0,0,0,0,0,1,0,0,1,0,1,0,0
"Current",14000,0.1427,65000,17.75,0,1,1,0.321,16,0,1,0,0,0,1,0,0,1,0,0,0,0,0,0,0,1,0,0,1,0,0,1,0,1,0,0
"Current",14000,0.1427,82000,18.37,0,0,0,0.942,29,0,1,0,0,0,1,0,0,1,0,0,0,0,0,0,0,1,1,0,0,1,0,0,0,1,0,0
"Current",5700,0.1864,107004,5.47,2,0,0,0.918,33,0,1,0,1,0,0,0,0,0,0,1,0,0,0,0,0,1,1,0,0,0,1,0,0,0,0,1
"Current",22000,0.1427,85000,13.48,0,0,0,0.808,37,0,1,0,0,1,0,0,0,1,0,0,0,0,0,1,0,0,1,0,0,0,0,1,0,1,0,0
"Current",31700,0.2089,250000,17.62,0,0,0,0.978,24,0,1,0,1,0,0,0,0,0,0,0,1,0,0,1,0,0,0,0,1,0,0,1,0,1,0,0
"Current",35000,0.1242,1e+05,10.97,0,0,0,0.546,25,0,1,0,1,0,0,0,1,0,0,0,0,0,0,1,0,0,0,0,1,0,0,1,0,1,0,0
"Current",12000,0.079,40000,21,0,0,0,0.29,29,0,1,0,1,0,0,1,0,0,0,0,0,0,0,0,0,1,0,0,1,1,0,0,0,1,0,0
"Current",15500,0.1349,30720,22.46,0,1,0,0.64,15,0,1,0,0,0,1,0,0,1,0,0,0,0,0,1,0,0,0,0,1,0,0,1,0,1,0,0
"Current",15850,0.1864,43000,23.44,0,2,0,0.485,12,0,1,0,0,1,0,0,0,0,0,1,0,0,1,0,0,0,1,0,0,0,0,1,0,0,0,1
"Current",12000,0.089,47148,24.64,0,0,0,0.388,14,0,1,0,0,0,1,1,0,0,0,0,0,0,0,0,1,0,1,0,0,1,0,0,0,0,0,1
"Current",2500,0.1677,53700,0.56,0,0,0,0.612,14,0,1,0,1,0,0,0,0,0,1,0,0,0,0,0,1,0,0,0,1,1,0,0,0,0,0,1
"Current",24000,0.1825,368000,0.09,1,0,0,0.122,9,0,1,0,1,0,0,0,0,0,1,0,0,0,0,1,0,0,0,0,1,0,0,1,1,0,0,0
"Current",10000,0.1171,43992,10.83,0,0,0,0.431,17,0,1,1,0,0,0,0,1,0,0,0,0,0,0,0,0,1,1,0,0,1,0,0,0,0,0,1
"Current",28000,0.1465,175000,8.43,0,2,0,0.488,33,0,1,1,0,0,0,0,0,1,0,0,0,0,1,0,0,0,1,0,0,0,0,1,0,1,0,0
"Current",6000,0.1727,99996,2.18,0,0,0,0.499,8,0,1,0,1,0,0,0,0,0,1,0,0,0,0,0,0,1,1,0,0,0,1,0,0,1,0,0
"Current",28000,0.1269,115000,6.66,0,0,0,0.343,8,0,1,0,0,0,1,0,1,0,0,0,0,0,0,1,0,0,1,0,0,0,0,1,0,0,1,0
"Current",4450,0.1942,26436,12.48,0,2,0,0.778,38,0,1,0,0,1,0,0,0,0,0,1,0,0,0,1,0,0,0,0,1,1,0,0,0,1,0,0
"Current",3875,0.1903,75000,14.86,0,3,1,0.861,11,0,1,0,0,0,1,0,0,0,0,1,0,0,0,0,0,1,0,0,1,0,0,1,0,1,0,0
"Current",30000,0.2235,116000,22.41,0,0,0,0.77,30,0,1,0,0,1,0,0,0,0,0,0,1,0,0,0,0,1,1,0,0,0,0,1,0,1,0,0
"Current",25200,0.1349,50000,4.58,0,3,0,0.447,18,0,1,0,1,0,0,0,0,1,0,0,0,0,0,0,1,0,0,0,1,0,0,1,1,0,0,0
"Current",16000,0.1527,125000,14.79,0,2,0,0.313,14,0,1,0,0,0,1,0,0,1,0,0,0,0,1,0,0,0,1,0,0,0,0,1,0,0,1,0
"Current",2000,0.1427,32004,19.31,1,0,1,0.682,32,0,1,0,0,0,1,0,0,1,0,0,0,0,0,1,0,0,0,0,1,1,0,0,0,0,0,1
"Current",12000,0.1242,87996,19.5,0,0,0,0.662,35,0,1,0,1,0,0,0,1,0,0,0,0,0,0,0,1,0,0,0,1,0,1,0,0,1,0,0
"Current",5000,0.1942,39996,7.8,0,1,0,0.558,7,0,1,1,0,0,0,0,0,0,0,1,0,0,1,0,0,0,0,0,1,0,1,0,0,1,0,0
"Current",16000,0.1269,65000,16.65,0,1,0,0.576,23,0,1,0,1,0,0,0,1,0,0,0,0,0,1,0,0,0,1,0,0,0,0,1,0,1,0,0
"Current",21600,0.1171,75000,20.82,0,0,0,0.53,29,0,1,1,0,0,0,0,1,0,0,0,0,0,0,0,0,1,1,0,0,0,0,1,0,1,0,0
"Current",4000,0.1269,66996,14.81,0,1,0,0.713,16,0,1,0,0,0,1,0,1,0,0,0,0,0,0,0,0,1,1,0,0,1,0,0,1,0,0,0
"Current",31025,0.2206,80000,20.01,0,0,0,0.993,12,0,1,0,0,1,0,0,0,0,0,0,1,0,1,0,0,0,1,0,0,0,0,1,0,1,0,0
"Current",35000,0.1171,102000,10.99,0,0,0,0.366,36,0,1,0,0,0,1,0,1,0,0,0,0,0,0,0,0,1,1,0,0,0,0,1,0,1,0,0
"Current",21000,0.1349,68000,3.39,0,1,0,0.38,12,0,1,0,1,0,0,0,0,1,0,0,0,0,1,0,0,0,0,0,1,0,0,1,0,0,0,1
"Current",24250,0.1758,80000,16.45,0,1,0,0.536,53,0,1,0,0,0,1,0,0,0,1,0,0,0,0,0,0,1,1,0,0,0,0,1,0,1,0,0
"Current",35000,0.1242,60960.48,21.36,0,0,0,0.628,37,0,1,0,0,1,0,0,1,0,0,0,0,0,0,0,0,1,1,0,0,0,0,1,0,1,0,0
"Current",10000,0.089,76728,19.39,0,0,0,0.453,29,0,1,1,0,0,0,1,0,0,0,0,0,0,1,0,0,0,1,0,0,0,0,1,0,0,0,1
"Current",20000,0.1677,80000,21.12,0,1,0,0.6,39,0,1,0,1,0,0,0,0,0,1,0,0,0,0,1,0,0,1,0,0,0,0,1,0,1,0,0
"Current",27200,0.1903,165000,13.36,0,0,0,0.726,29,0,1,0,0,1,0,0,0,0,0,1,0,0,0,0,0,1,1,0,0,0,1,0,0,1,0,0
"Current",20125,0.1065,70000,12.65,0,0,0,0,17,0,1,0,0,1,0,0,1,0,0,0,0,0,0,0,1,0,1,0,0,0,0,1,0,0,0,1
"Current",11625,0.0991,36000,9.03,0,0,0,0.382,19,0,1,0,0,0,1,0,1,0,0,0,0,0,0,0,0,1,0,0,1,0,0,1,1,0,0,0
"Current",35000,0.2089,127000,14.44,1,0,0,0.827,35,0,1,0,1,0,0,0,0,0,0,0,1,0,0,0,1,0,1,0,0,0,0,1,0,1,0,0
"Current",2600,0.1727,95000,5.36,0,1,0,0.923,14,0,1,0,0,0,1,0,0,0,1,0,0,0,0,1,0,0,1,0,0,0,1,0,0,1,0,0
"Current",25000,0.1427,129996,18.62,0,3,0,0.454,36,0,1,0,0,1,0,0,0,1,0,0,0,0,0,0,0,1,1,0,0,0,0,1,0,1,0,0
"Current",12000,0.1825,52000,21.23,0,3,0,0.783,38,0,1,0,0,1,0,0,0,0,1,0,0,0,1,0,0,0,0,0,1,0,0,1,0,1,0,0
"Current",12000,0.1465,81996,10.13,0,2,0,0.327,22,0,1,0,0,0,1,0,0,1,0,0,0,0,1,0,0,0,1,0,0,0,1,0,0,1,0,0
"Current",2600,0.1991,74400,16.69,0,0,0,0.73,8,0,1,0,0,0,1,0,0,0,0,1,0,0,0,0,1,0,0,0,1,0,1,0,0,1,0,0
"Current",20000,0.1269,175000,15.18,0,0,0,0.825,40,0,1,0,0,0,1,0,1,0,0,0,0,0,0,0,0,1,1,0,0,0,0,1,0,0,1,0
"Current",35000,0.203,74000,19.05,0,0,0,0.683,21,0,1,0,1,0,0,0,0,0,0,1,0,0,0,0,1,0,1,0,0,0,0,1,0,1,0,0
"Current",15000,0.1596,56000,12.62,0,1,0,0.679,23,0,1,0,1,0,0,0,0,1,0,0,0,0,1,0,0,0,0,0,1,0,1,0,0,1,0,0
"Current",1500,0.1596,24960,13.75,0,2,0,0.558,5,0,1,1,0,0,0,0,0,1,0,0,0,0,1,0,0,0,0,1,0,1,0,0,0,1,0,0
"Current",24600,0.1269,43538,11.38,0,2,0,0.501,33,0,1,0,1,0,0,0,1,0,0,0,0,0,0,0,0,1,1,0,0,0,0,1,0,1,0,0
"Current",12025,0.0991,97200,19.57,0,2,0,0.393,32,0,1,0,0,1,0,0,1,0,0,0,0,0,0,0,0,1,1,0,0,1,0,0,0,0,0,1
"Current",11000,0.1942,62400,23.12,0,0,0,0.544,31,0,1,0,1,0,0,0,0,0,0,1,0,0,0,1,0,0,0,0,1,0,1,0,1,0,0,0
"Current",3500,0.1171,44004,10.23,0,1,0,0.221,21,0,1,0,0,0,1,0,1,0,0,0,0,0,1,0,0,0,1,0,0,0,1,0,0,0,0,1
"Late",12600,0.1864,43000,9.29,1,0,0,0.041,17,0,1,0,0,1,0,0,0,0,0,1,0,0,1,0,0,0,0,0,1,0,1,0,0,1,0,0
"Current",30000,0.0991,130000,1.88,0,0,0,0.086,34,0,1,0,0,1,0,0,1,0,0,0,0,0,0,0,0,1,0,0,1,0,0,1,0,0,0,1
"Current",4000,0.1677,54996,10.74,1,2,0,0.204,36,0,1,0,0,1,0,0,0,0,1,0,0,0,1,0,0,0,1,0,0,0,1,0,0,0,0,1
"Current",20000,0.1727,291996,4.81,0,0,0,0.591,19,0,1,0,1,0,0,0,0,0,1,0,0,0,0,0,0,1,1,0,0,0,0,1,0,1,0,0
"Current",16000,0.1349,57500,11.1,0,1,0,0.426,13,0,1,0,0,0,1,0,0,1,0,0,0,0,0,0,1,0,1,0,0,0,0,1,0,1,0,0
"Current",15600,0.1991,123000,7.69,0,0,0,0.293,11,0,1,0,1,0,0,0,0,0,0,1,0,0,0,1,0,0,0,0,1,0,0,1,0,0,1,0
"Current",8000,0.2274,86400,4.28,0,2,0,0.839,6,0,1,0,0,0,1,0,0,0,0,0,0,1,0,0,1,0,1,0,0,0,0,1,0,1,0,0
"Current",15000,0.1758,112000,14.55,0,1,0,0.997,9,0,1,0,0,0,1,0,0,0,1,0,0,0,0,0,0,1,1,0,0,0,0,1,0,0,0,1
"Current",6000,0.0991,30000,9.52,0,0,0,0.272,16,0,1,0,0,1,0,0,1,0,0,0,0,0,1,0,0,0,0,0,1,1,0,0,0,0,0,1
"Current",5000,0.1825,24996,4.18,0,1,0,0.878,9,0,1,0,0,0,1,0,0,0,1,0,0,0,1,0,0,0,0,1,0,0,1,0,0,1,0,0
"Current",14125,0.1427,39036.96,22.62,0,0,1,0.867,37,0,1,0,0,1,0,0,0,1,0,0,0,0,0,1,0,0,0,0,1,0,0,1,0,0,0,1
"Current",17000,0.1065,34000,13.02,0,0,0,0.151,8,0,1,0,0,1,0,0,1,0,0,0,0,0,0,0,0,1,0,1,0,0,0,1,0,0,0,1
"Current",30000,0.1171,125000,16.4,0,0,0,0.591,32,0,1,0,0,0,1,0,1,0,0,0,0,0,0,0,0,1,1,0,0,0,0,1,0,1,0,0
"Current",18200,0.203,52800,16.36,0,0,0,0.781,17,0,1,0,0,1,0,0,0,0,0,1,0,0,0,0,0,1,1,0,0,0,1,0,0,1,0,0
"Current",12000,0.1171,30000,9.72,0,1,0,0.359,17,0,1,0,0,1,0,0,1,0,0,0,0,0,0,1,0,0,0,1,0,0,1,0,1,0,0,0
"Current",24000,0.1349,55000,19.68,0,1,0,0.335,9,0,1,0,0,1,0,0,0,1,0,0,0,0,1,0,0,0,1,0,0,0,0,1,0,0,0,1
"Current",25000,0.1242,1e+05,15.89,0,1,0,0.33,36,0,1,1,0,0,0,0,1,0,0,0,0,0,1,0,0,0,1,0,0,0,0,1,0,1,0,0
"Current",35000,0.1099,55000,20.79,0,0,0,0.487,16,0,1,0,0,1,0,0,1,0,0,0,0,0,0,0,0,1,1,0,0,0,0,1,0,1,0,0
"Current",22000,0.1199,60000,26.55,0,1,0,0.381,28,0,1,0,0,1,0,0,1,0,0,0,0,0,0,0,0,1,1,0,0,0,0,1,0,1,0,0
"Current",16000,0.1727,150000,13.13,0,2,0,0.918,14,0,1,0,1,0,0,0,0,0,1,0,0,0,1,0,0,0,0,0,1,0,0,1,0,1,0,0
"Current",35000,0.1349,1e+05,2.05,0,2,0,0.251,24,0,1,0,0,1,0,0,0,1,0,0,0,0,0,0,1,0,1,0,0,0,0,1,0,0,0,1
"Current",13675,0.1171,60000,24.22,0,0,0,0.689,27,0,1,1,0,0,0,0,1,0,0,0,0,0,0,0,0,1,1,0,0,0,0,1,0,1,0,0
"Current",7500,0.1171,18240,13.95,0,0,0,0.254,13,0,1,1,0,0,0,0,1,0,0,0,0,0,1,0,0,0,0,0,1,0,0,1,0,0,0,1
"Current",13000,0.1349,25800,10.19,0,0,0,0.847,7,0,1,0,0,0,1,0,0,1,0,0,0,0,0,1,0,0,0,0,1,0,1,0,0,1,0,0
"Current",30000,0.1269,150000,5.27,0,1,0,0.378,13,0,1,0,0,1,0,0,1,0,0,0,0,0,0,1,0,0,1,0,0,0,0,1,0,0,0,1
"Current",35000,0.1242,89000,11.43,0,0,0,0.128,21,0,1,0,1,0,0,0,1,0,0,0,0,0,0,0,0,1,0,1,0,0,0,1,0,0,1,0
"Current",22400,0.1864,50000,18.67,0,0,1,0.649,8,0,1,0,1,0,0,0,0,0,0,1,0,0,0,0,1,0,0,0,1,0,0,1,0,1,0,0
"Current",30000,0.1427,102000,18.21,0,0,0,0.418,45,0,1,0,0,1,0,0,0,1,0,0,0,0,0,1,0,0,1,0,0,0,1,0,0,1,0,0
"Current",20000,0.1427,42000,16.86,0,0,0,0.422,11,0,1,0,0,1,0,0,0,1,0,0,0,0,1,0,0,0,0,0,1,0,0,1,0,1,0,0
"Current",35000,0.1727,96000,9.75,0,1,0,0.703,31,0,1,0,0,0,1,0,0,0,1,0,0,0,1,0,0,0,1,0,0,0,0,1,0,1,0,0
"Current",25000,0.1065,61000,0,0,0,0,0,21,0,1,0,1,0,0,0,1,0,0,0,0,0,0,0,1,0,0,0,1,0,0,1,0,0,0,1
"Current",4000,0.1427,74004,13.25,0,1,0,0.418,20,0,1,0,0,0,1,0,0,1,0,0,0,0,1,0,0,0,1,0,0,0,0,1,0,0,1,0
"Current",28000,0.0991,150000,3.94,0,0,0,0.316,29,0,1,0,0,1,0,0,1,0,0,0,0,0,0,0,1,0,1,0,0,0,0,1,0,0,0,1
"Current",5000,0.1427,66996,24.29,0,1,0,0.273,43,0,1,1,0,0,0,0,0,1,0,0,0,0,0,0,0,1,1,0,0,0,0,1,0,0,0,1
"Current",2000,0.1677,30000,22.96,0,8,0,0.489,25,0,1,1,0,0,0,0,0,0,1,0,0,0,0,0,1,0,0,1,0,1,0,0,0,0,0,1
"Current",10000,0.1427,20400,13.29,0,1,0,0.522,14,0,1,0,0,0,1,0,0,1,0,0,0,0,1,0,0,0,0,1,0,0,0,1,0,0,0,1
"Current",7500,0.0991,51721,27.73,0,0,0,0.394,38,0,1,0,1,0,0,0,1,0,0,0,0,0,0,1,0,0,1,0,0,1,0,0,1,0,0,0
"Current",25000,0.1242,50000,6.53,0,4,0,0.198,15,0,1,1,0,0,0,0,1,0,0,0,0,0,0,0,0,1,1,0,0,0,0,1,0,1,0,0
"Current",16500,0.1465,110000,4.35,0,2,0,0.305,9,0,1,0,0,1,0,0,0,1,0,0,0,0,0,0,0,1,0,1,0,0,1,0,1,0,0,0
"Current",35000,0.1349,110000,20.47,0,2,0,0.335,63,0,1,0,1,0,0,0,0,1,0,0,0,0,1,0,0,0,1,0,0,0,0,1,0,1,0,0
"Current",25000,0.1427,108000,16.33,0,2,0,0.385,41,0,1,0,0,0,1,0,0,1,0,0,0,0,0,0,0,1,1,0,0,0,0,1,0,1,0,0
"Current",13000,0.1065,60000,16.82,0,0,0,0.242,16,0,1,0,1,0,0,0,1,0,0,0,0,0,0,0,0,1,0,1,0,0,1,0,0,1,0,0
"Current",10000,0.1596,114996,7.01,2,1,0,0.248,32,0,1,0,0,1,0,0,0,1,0,0,0,0,1,0,0,0,1,0,0,0,1,0,0,1,0,0
"Current",12000,0.1349,51600,5.72,0,1,0,0.162,28,0,1,0,0,1,0,0,0,1,0,0,0,0,0,0,0,1,1,0,0,0,0,1,0,0,0,1
"Current",24700,0.1758,63000,19.14,0,1,0,0.59,30,0,1,0,0,1,0,0,0,0,1,0,0,0,0,0,0,1,1,0,0,0,0,1,0,1,0,0
"Current",32000,0.2352,80000,17.65,0,0,0,0.939,30,0,1,0,0,1,0,0,0,0,0,0,0,1,0,0,0,1,1,0,0,0,0,1,0,1,0,0
"Current",18000,0.2391,165000,9.46,1,2,0,0.473,48,0,1,0,1,0,0,0,0,0,0,0,0,1,1,0,0,0,1,0,0,0,0,1,0,0,1,0
"Current",9400,0.1065,95000,24.97,0,0,0,0.18,20,0,1,0,1,0,0,0,1,0,0,0,0,0,0,0,0,1,1,0,0,0,1,0,0,0,0,1
"Current",13125,0.1427,1e+05,7.12,0,0,0,0.611,14,0,1,0,1,0,0,0,0,1,0,0,0,0,0,1,0,0,0,0,1,0,1,0,1,0,0,0
"Current",24000,0.1349,124704,4.61,0,0,0,0.678,8,0,1,0,1,0,0,0,0,1,0,0,0,0,0,0,0,1,0,0,1,0,0,1,0,1,0,0
"Current",7000,0.1065,30996,22.18,1,0,0,0.544,31,0,1,0,0,1,0,0,1,0,0,0,0,0,0,0,0,1,0,1,0,1,0,0,1,0,0,0
"Current",19500,0.1349,90000,12.88,0,0,0,0.651,44,0,1,1,0,0,0,0,0,1,0,0,0,0,0,0,0,1,1,0,0,1,0,0,0,1,0,0
"Current",15000,0.0991,60000,7.28,0,1,0,0.14,29,0,1,0,0,0,1,0,1,0,0,0,0,0,1,0,0,0,1,0,0,1,0,0,0,0,0,1
"Current",17000,0.1349,60000,10.92,0,4,0,0.416,39,0,1,0,0,1,0,0,0,1,0,0,0,0,0,0,0,1,1,0,0,0,1,0,1,0,0,0
"Current",22800,0.1269,92000,16.41,0,0,0,0.633,23,0,1,0,0,1,0,0,1,0,0,0,0,0,0,1,0,0,1,0,0,0,0,1,0,1,0,0
"Current",13200,0.1427,50004,8.66,0,2,0,0.584,15,0,1,1,0,0,0,0,0,1,0,0,0,0,1,0,0,0,1,0,0,0,0,1,0,1,0,0
"Current",8125,0.1903,70000,19.73,0,2,0,0.967,22,0,1,0,0,0,1,0,0,0,0,1,0,0,0,1,0,0,1,0,0,0,0,1,0,1,0,0
"Current",15000,0.1299,52000,23.95,0,1,0,0.419,36,0,1,0,1,0,0,0,0,1,0,0,0,0,0,0,0,1,0,0,1,1,0,0,0,1,0,0
"Current",25450,0.2136,81000,16.89,0,1,1,0.923,27,0,1,0,0,0,1,0,0,0,0,0,1,0,0,0,0,1,1,0,0,0,0,1,0,1,0,0
"Current",13000,0.0749,80004,9.09,0,0,0,0.347,38,0,1,0,0,0,1,1,0,0,0,0,0,0,1,0,0,0,1,0,0,1,0,0,0,0,0,1
"Current",10000,0.1749,154800,10.83,0,0,0,0.98,33,0,1,0,0,1,0,0,0,0,1,0,0,0,0,0,0,1,1,0,0,0,1,0,0,0,0,1
"Current",14000,0.0749,50000,2.4,0,0,0,0.085,29,0,1,0,1,0,0,1,0,0,0,0,0,0,0,0,0,1,1,0,0,1,0,0,0,0,1,0
"Current",12075,0.1059,60000,27.99,0,0,0,0.336,21,0,1,0,0,1,0,0,1,0,0,0,0,0,0,0,0,1,1,0,0,1,0,0,0,1,0,0
"Current",20000,0.1523,40000,18.69,0,1,0,0.531,19,0,1,0,0,1,0,0,0,1,0,0,0,0,1,0,0,0,0,0,1,0,0,1,0,1,0,0
"In Grace Period",20000,0.2062,65000,11.3,0,2,0,0.878,17,0,1,0,1,0,0,0,0,0,0,0,1,0,0,0,1,0,0,0,1,0,0,1,0,1,0,0
"Current",18000,0.1059,48000,15.03,0,0,0,0.207,27,0,1,1,0,0,0,0,1,0,0,0,0,0,0,0,0,1,1,0,0,0,0,1,1,0,0,0
"Current",25000,0.1749,65000,17.34,0,0,0,0.81,20,0,1,0,0,0,1,0,0,0,1,0,0,0,0,1,0,0,0,0,1,0,0,1,1,0,0,0
"Current",20000,0.1059,87252,16.82,0,0,0,0.143,31,0,1,0,0,1,0,0,1,0,0,0,0,0,0,0,1,0,1,0,0,0,1,0,0,0,0,1
"Current",28500,0.0999,105000,26.67,0,0,0,0.326,32,0,1,0,1,0,0,0,1,0,0,0,0,0,0,1,0,0,1,0,0,0,0,1,0,1,0,0
"Current",14000,0.1299,95800,21.68,0,0,0,0.743,43,0,1,0,0,1,0,0,0,1,0,0,0,0,1,0,0,0,1,0,0,0,1,0,0,1,0,0
"Current",16000,0.1689,57000,13.33,0,1,0,0,17,0,1,0,0,1,0,0,0,0,1,0,0,0,0,1,0,0,1,0,0,1,0,0,0,0,0,1
"Current",18000,0.1199,52000,8.13,0,0,1,0.009,14,0,1,1,0,0,0,0,1,0,0,0,0,0,0,1,0,0,1,0,0,0,0,1,0,1,0,0
"Current",20000,0.1599,85000,20.53,0,3,0,0.614,36,0,1,0,1,0,0,0,0,0,1,0,0,0,0,0,0,1,1,0,0,0,0,1,0,1,0,0
"Current",20000,0.1599,55000,12.98,0,0,0,0.399,16,0,1,0,0,0,1,0,0,0,1,0,0,0,0,0,1,0,0,1,0,0,0,1,0,1,0,0
"Current",28000,0.1199,73000,21.21,0,0,0,0.81,25,0,1,0,0,1,0,0,1,0,0,0,0,0,0,0,1,0,1,0,0,0,0,1,0,1,0,0
"Current",15000,0.1399,60000,5.1,0,2,0,0.332,15,0,1,0,0,0,1,0,0,1,0,0,0,0,0,0,1,0,1,0,0,0,0,1,0,0,0,1
"Current",7500,0.0849,70800,7.78,0,0,0,0.453,32,0,1,0,0,1,0,1,0,0,0,0,0,0,0,0,1,0,1,0,0,1,0,0,1,0,0,0
"Current",30000,0.1599,80000,2.64,0,0,0,0.778,10,0,1,0,0,0,1,0,0,0,1,0,0,0,0,0,0,1,1,0,0,0,1,0,0,1,0,0
"Current",28000,0.1149,91000,10.87,0,1,0,0.358,26,0,1,0,0,0,1,0,1,0,0,0,0,0,0,0,1,0,1,0,0,0,0,1,0,1,0,0
"Current",20000,0.1199,57000,18.55,0,0,0,0.375,11,0,1,0,0,1,0,0,1,0,0,0,0,0,0,0,1,0,1,0,0,0,0,1,0,1,0,0
"Current",12000,0.1599,74000,9.58,0,1,0,0.823,17,0,1,0,0,1,0,0,0,0,1,0,0,0,0,1,0,0,1,0,0,1,0,0,1,0,0,0
"Current",7200,0.1839,60000,6.6,3,1,0,0.089,25,0,1,0,1,0,0,0,0,0,0,1,0,0,0,1,0,0,1,0,0,0,1,0,1,0,0,0
"Current",15075,0.1099,54000,29,0,0,0,0.575,36,0,1,0,0,1,0,0,1,0,0,0,0,0,0,1,0,0,1,0,0,0,0,1,0,0,1,0
"Current",16000,0.1299,105000,9.57,0,1,0,0.639,8,0,1,0,1,0,0,0,0,1,0,0,0,0,0,1,0,0,0,0,1,1,0,0,0,1,0,0
"Current",12000,0.1099,156000,13.38,0,0,0,0.418,26,0,1,0,0,1,0,0,1,0,0,0,0,0,1,0,0,0,1,0,0,0,1,0,0,0,1,0
"Current",5400,0.1059,33360,1.8,0,0,0,0.102,26,0,1,1,0,0,0,0,1,0,0,0,0,0,1,0,0,0,1,0,0,1,0,0,1,0,0,0
"Current",16100,0.1839,65000,24.07,0,2,0,0.876,20,0,1,1,0,0,0,0,0,0,0,1,0,0,0,0,0,1,1,0,0,0,0,1,0,1,0,0
"Current",35000,0.1689,114000,17.93,0,0,0,0.877,47,0,1,0,0,1,0,0,0,0,1,0,0,0,0,1,0,0,1,0,0,0,0,1,0,1,0,0
"Current",35000,0.1199,93600,13.26,0,2,0,0.393,32,0,1,0,0,1,0,0,1,0,0,0,0,0,0,0,0,1,1,0,0,0,0,1,0,0,0,1
"Current",15000,0.1599,80000,10.74,0,0,2,0.512,12,0,1,0,0,1,0,0,0,0,1,0,0,0,1,0,0,0,1,0,0,0,1,0,0,1,0,0
"Current",16000,0.1399,48000,19.5,0,2,0,0.968,14,0,1,0,0,1,0,0,0,1,0,0,0,0,0,1,0,0,0,0,1,0,1,0,0,1,0,0
"Current",13000,0.0749,65000,3.43,0,0,0,0.379,26,0,1,0,1,0,0,1,0,0,0,0,0,0,0,0,0,1,1,0,0,1,0,0,0,0,0,1
"Current",4800,0.1199,29004,10.92,0,0,0,0.579,7,0,1,0,0,1,0,0,1,0,0,0,0,0,1,0,0,0,0,0,1,0,1,0,0,0,0,1
"Current",20000,0.1149,80000,18.73,0,1,0,0.305,21,0,1,1,0,0,0,0,1,0,0,0,0,0,0,0,0,1,0,1,0,0,0,1,0,1,0,0
"Current",5000,0.0849,105000,17.74,0,0,0,0.169,37,0,1,0,0,1,0,1,0,0,0,0,0,0,0,1,0,0,1,0,0,1,0,0,0,0,0,1
"Current",16000,0.1299,48000,16.63,0,0,0,0.847,14,0,1,0,0,0,1,0,0,1,0,0,0,0,1,0,0,0,0,0,1,0,1,0,0,1,0,0
"Current",15000,0.1799,45000,9.65,0,2,0,0.889,9,0,1,1,0,0,0,0,0,0,0,1,0,0,1,0,0,0,0,0,1,1,0,0,0,1,0,0
"Current",12000,0.1299,81500,16.83,0,0,0,0.616,14,0,1,0,1,0,0,0,0,1,0,0,0,0,0,1,0,0,0,0,1,1,0,0,0,1,0,0
"Current",35000,0.1149,144000,2.92,0,0,0,0.285,29,0,1,1,0,0,0,0,1,0,0,0,0,0,0,0,0,1,1,0,0,0,0,1,1,0,0,0
"Current",25000,0.1929,80000,20.19,0,1,0,0.299,32,0,1,0,0,0,1,0,0,0,0,1,0,0,0,0,0,1,0,0,1,0,0,1,0,1,0,0
"Current",7600,0.1599,48000,16.3,0,0,0,0.753,12,0,1,0,0,0,1,0,0,0,1,0,0,0,1,0,0,0,0,0,1,0,1,0,0,0,1,0
"Current",30000,0.1299,80004,9.06,0,1,0,0.58,21,0,1,0,1,0,0,0,0,1,0,0,0,0,0,0,1,0,1,0,0,0,0,1,0,1,0,0
"Current",35000,0.1149,170000,11.04,0,0,0,0.277,50,0,1,1,0,0,0,0,1,0,0,0,0,0,1,0,0,0,1,0,0,0,1,0,0,1,0,0
"Current",5000,0.1749,29162.92,24.32,0,1,0,0.921,12,0,1,0,1,0,0,0,0,0,1,0,0,0,0,0,1,0,0,0,1,0,0,1,0,1,0,0
"Current",10000,0.1149,60000,25.34,0,0,0,0.373,7,0,1,0,0,0,1,0,1,0,0,0,0,0,1,0,0,0,0,0,1,0,0,1,0,1,0,0
"Current",35000,0.1649,98000,20.49,0,0,0,0.599,32,0,1,0,0,0,1,0,0,0,1,0,0,0,1,0,0,0,0,0,1,0,0,1,0,1,0,0
"Current",18000,0.1649,150000,16.82,0,1,1,0.415,28,0,1,0,0,0,1,0,0,0,1,0,0,0,0,0,1,0,1,0,0,0,0,1,0,0,0,1
"Current",15000,0.1099,70000,20.44,0,0,0,0.277,24,0,1,0,1,0,0,0,1,0,0,0,0,0,0,1,0,0,0,0,1,0,1,0,0,1,0,0
"Current",10500,0.1149,40000,11.61,0,0,0,0.292,27,0,1,1,0,0,0,0,1,0,0,0,0,0,0,1,0,0,0,1,0,0,0,1,0,1,0,0
"Current",20000,0.1199,175000,15.06,0,0,0,0.638,31,0,1,0,1,0,0,0,1,0,0,0,0,0,0,0,0,1,1,0,0,0,1,0,0,0,1,0
"Current",13000,0.0999,40000,17.79,0,2,0,0.069,14,0,1,0,1,0,0,0,1,0,0,0,0,0,1,0,0,0,0,0,1,1,0,0,1,0,0,0
"Current",35000,0.1149,71516,5.02,0,0,0,0.335,27,0,1,0,0,0,1,0,1,0,0,0,0,0,0,1,0,0,1,0,0,0,0,1,0,0,0,1
"Current",14125,0.0849,78000,13.58,0,0,0,0.044,50,0,1,0,1,0,0,1,0,0,0,0,0,0,0,0,0,1,1,0,0,0,1,0,0,1,0,0
"Current",9200,0.1479,40000,8.61,0,3,0,0.356,14,0,1,0,0,1,0,0,0,1,0,0,0,0,0,1,0,0,0,1,0,0,1,0,0,0,0,1
"Current",15000,0.1689,54000,15.24,0,1,1,0.743,37,0,1,0,0,1,0,0,0,0,1,0,0,0,0,0,0,1,1,0,0,0,0,1,0,1,0,0
"Current",8000,0.1599,33696,15.17,1,0,0,0.254,29,0,1,0,0,1,0,0,0,0,1,0,0,0,0,0,1,0,1,0,0,0,1,0,0,0,0,1
"Current",13700,0.1099,78804,29.65,0,0,0,0.647,45,0,1,0,0,1,0,0,1,0,0,0,0,0,0,0,1,0,1,0,0,0,0,1,0,1,0,0
"Late",22750,0.1799,45000,15.65,1,0,0,0.627,21,0,1,1,0,0,0,0,0,0,0,1,0,0,0,0,0,1,1,0,0,0,0,1,0,1,0,0
"Current",20000,0.1689,62208,18.04,0,3,0,0.73,27,0,1,0,0,0,1,0,0,0,1,0,0,0,1,0,0,0,0,0,1,0,0,1,0,1,0,0
"Current",11200,0.1349,110004,12.02,0,1,0,0.532,32,0,1,0,0,1,0,0,0,1,0,0,0,0,0,1,0,0,1,0,0,1,0,0,0,0,0,1
"Current",18000,0.1099,80000,10.92,0,0,0,0.767,25,0,1,0,0,1,0,0,1,0,0,0,0,0,1,0,0,0,0,1,0,1,0,0,0,1,0,0
"Current",35000,0.1099,74000,16.69,0,0,0,0.342,21,0,1,0,0,1,0,0,1,0,0,0,0,0,0,0,0,1,1,0,0,0,0,1,0,1,0,0
"Current",15000,0.1149,120000,7.84,0,1,0,0.364,22,0,1,0,0,1,0,0,1,0,0,0,0,0,0,0,0,1,1,0,0,0,1,0,0,1,0,0
"Current",6175,0.1199,50880,20.54,0,0,0,0.309,25,0,1,1,0,0,0,0,1,0,0,0,0,0,0,0,0,1,1,0,0,1,0,0,0,0,0,1
"Current",18000,0.1599,139500,16.75,0,0,0,0.873,29,0,1,0,0,0,1,0,0,0,1,0,0,0,0,1,0,0,0,0,1,0,0,1,0,1,0,0
"Current",6000,0.1839,60000,3.86,0,0,0,0.995,12,0,1,0,0,0,1,0,0,0,0,1,0,0,0,1,0,0,0,0,1,0,1,0,1,0,0,0
"Current",15000,0.1199,95000,14.99,0,2,0,0.758,23,0,1,1,0,0,0,0,1,0,0,0,0,0,0,0,0,1,1,0,0,0,1,0,0,0,1,0
"Current",19000,0.1099,62000,21.45,0,0,0,0.515,21,0,1,0,0,1,0,0,1,0,0,0,0,0,0,0,1,0,1,0,0,0,0,1,0,1,0,0
"Current",21125,0.1299,62400,13.81,0,0,0,0.334,15,0,1,0,0,0,1,0,0,1,0,0,0,0,1,0,0,0,1,0,0,0,0,1,0,1,0,0
"Current",12000,0.1349,120000,9.36,1,0,0,0.881,29,0,1,0,0,0,1,0,0,1,0,0,0,0,0,1,0,0,0,0,1,1,0,0,0,0,0,1
"Current",22000,0.2062,148000,5.23,1,1,0,0.004,18,0,1,1,0,0,0,0,0,0,0,0,1,0,0,0,1,0,0,0,1,0,0,1,0,1,0,0
"Current",9000,0.1689,60000,2.88,0,2,0,0.498,25,0,1,0,1,0,0,0,0,0,1,0,0,0,0,0,0,1,1,0,0,0,0,1,0,0,1,0
"Current",14750,0.1199,62100,24,0,0,0,0.694,15,0,1,0,1,0,0,0,1,0,0,0,0,0,0,1,0,0,0,0,1,0,0,1,0,1,0,0
"Current",14000,0.1199,68000,12.97,0,0,0,0.89,16,0,1,0,0,0,1,0,1,0,0,0,0,0,0,0,0,1,0,0,1,0,1,0,0,1,0,0
"Late",5100,0.1149,60000,10.62,0,0,0,0.357,30,0,1,1,0,0,0,0,1,0,0,0,0,0,0,0,1,0,0,1,0,1,0,0,1,0,0,0
"Current",20000,0.1479,70000,23.78,0,2,0,0.855,25,0,1,0,1,0,0,0,0,1,0,0,0,0,0,0,1,0,1,0,0,0,0,1,0,1,0,0
"Current",23600,0.1149,68004,19.94,0,2,0,0.514,33,0,1,1,0,0,0,0,1,0,0,0,0,0,0,1,0,0,1,0,0,0,0,1,0,1,0,0
"Current",20000,0.1199,74600,8.8,0,0,0,0.637,14,0,1,0,1,0,0,0,1,0,0,0,0,0,0,0,0,1,0,0,1,0,0,1,0,1,0,0
"Current",14300,0.2025,58500,20.72,0,2,1,0.878,16,0,1,1,0,0,0,0,0,0,0,0,1,0,0,0,0,1,1,0,0,0,0,1,0,1,0,0
"Current",10700,0.1799,50000,10.32,0,1,0,0.943,8,0,1,0,0,0,1,0,0,0,0,1,0,0,1,0,0,0,0,0,1,0,0,1,0,0,0,1
"Current",29175,0.1199,93000,20.44,0,0,0,0.701,20,0,1,1,0,0,0,0,1,0,0,0,0,0,1,0,0,0,1,0,0,0,0,1,0,1,0,0
"Current",8325,0.1689,27000,20.53,0,0,0,0.618,12,0,1,0,1,0,0,0,0,0,1,0,0,0,1,0,0,0,0,1,0,0,1,0,0,0,0,1
"Current",25000,0.1689,130000,5.05,1,0,0,0.212,22,0,1,0,0,1,0,0,0,0,1,0,0,0,1,0,0,0,1,0,0,0,0,1,0,0,0,1
"Current",17200,0.1969,44000,9.95,0,3,0,0.529,10,0,1,0,0,0,1,0,0,0,0,1,0,0,1,0,0,0,0,0,1,0,1,0,0,0,1,0
"Current",14550,0.1199,58000,12.91,0,1,0,0,18,0,1,0,0,0,1,0,1,0,0,0,0,0,0,0,1,0,1,0,0,1,0,0,0,1,0,0
"Current",14400,0.1349,62000,9.27,0,1,0,0.273,21,0,1,0,0,1,0,0,0,1,0,0,0,0,1,0,0,0,1,0,0,1,0,0,0,0,1,0
"Current",20000,0.1199,46800,4.03,0,3,0,0.253,12,0,1,1,0,0,0,0,1,0,0,0,0,0,0,0,1,0,0,0,1,0,1,0,0,1,0,0
"Current",30000,0.1059,68496,0,0,0,0,0,18,0,1,0,0,0,1,0,1,0,0,0,0,0,1,0,0,0,1,0,0,0,0,1,1,0,0,0
"Current",6325,0.1299,59496,14.48,0,1,0,0.512,13,0,1,0,1,0,0,0,0,1,0,0,0,0,0,1,0,0,0,0,1,1,0,0,0,0,0,1
"Current",12800,0.1969,60000,20.34,0,2,0,0.853,16,0,1,0,1,0,0,0,0,0,0,1,0,0,1,0,0,0,0,0,1,0,0,1,0,0,0,1
"In Grace Period",22200,0.2211,82000,3.76,0,3,0,0.96,12,0,1,0,1,0,0,0,0,0,0,0,0,1,1,0,0,0,0,0,1,0,0,1,0,0,0,1
"Current",20000,0.1199,135000,8.58,0,1,0,0.447,33,0,1,1,0,0,0,0,1,0,0,0,0,0,0,0,0,1,0,1,0,0,0,1,0,1,0,0
"Current",21000,0.1599,135000,12.97,1,0,0,0.402,27,0,1,0,0,0,1,0,0,0,1,0,0,0,0,0,0,1,1,0,0,0,0,1,0,1,0,0
"Current",20000,0.1839,90000,15.77,1,1,0,0.782,25,0,1,1,0,0,0,0,0,0,0,1,0,0,0,0,0,1,1,0,0,0,0,1,0,1,0,0
"Current",8000,0.1099,192000,0.22,0,0,0,0.001,5,0,1,0,1,0,0,0,1,0,0,0,0,0,1,0,0,0,0,0,1,0,0,1,0,0,0,1
"Current",18225,0.1349,48383,20.11,0,0,0,0.221,45,0,1,0,0,1,0,0,0,1,0,0,0,0,0,0,0,1,1,0,0,0,0,1,0,1,0,0
"Current",20000,0.1199,56000,29.51,0,3,0,0.269,30,0,1,0,0,0,1,0,1,0,0,0,0,0,0,1,0,0,0,0,1,0,0,1,0,0,1,0
"Current",29700,0.2062,125000,17.23,0,2,0,0.246,41,0,1,0,1,0,0,0,0,0,0,0,1,0,1,0,0,0,1,0,0,0,0,1,0,1,0,0
"Current",12000,0.1149,28800,8.33,0,0,0,0.1061,12,0,1,0,0,1,0,0,1,0,0,0,0,0,1,0,0,0,0,1,0,0,1,0,0,0,0,1
"Current",23675,0.1689,52000,24.35,0,1,0,0.787,23,0,1,0,0,0,1,0,0,0,1,0,0,0,1,0,0,0,0,0,1,0,0,1,0,1,0,0
"Current",10000,0.1349,163008,4.69,1,0,0,0.402,26,0,1,0,0,1,0,0,0,1,0,0,0,0,0,0,0,1,1,0,0,0,1,0,1,0,0,0
"Current",5000,0.1599,42000,21.17,0,2,0,0.166,37,0,1,0,0,1,0,0,0,0,1,0,0,0,0,0,0,1,0,0,1,1,0,0,0,0,0,1
"Current",20000,0.1839,76000,15.25,0,2,0,0.901,23,0,1,0,0,1,0,0,0,0,0,1,0,0,0,0,0,1,1,0,0,0,0,1,0,1,0,0
"Current",3250,0.1299,45000,24.59,0,0,1,0.854,25,0,1,1,0,0,0,0,0,1,0,0,0,0,0,0,1,0,1,0,0,0,1,0,0,1,0,0
"Current",14000,0.1349,63500,10.45,0,0,0,0.913,23,0,1,0,1,0,0,0,0,1,0,0,0,0,0,0,1,0,0,0,1,1,0,0,0,1,0,0
"Current",13800,0.1299,43000,19.31,0,0,0,0.726,10,0,1,0,0,0,1,0,0,1,0,0,0,0,0,1,0,0,0,0,1,1,0,0,0,1,0,0
"Current",12000,0.1059,82500,12.26,0,0,0,0.507,31,0,1,0,0,0,1,0,1,0,0,0,0,0,0,1,0,0,1,0,0,1,0,0,0,0,0,1
"Current",14000,0.1649,120421.9,18.84,0,0,0,0.837,22,0,1,0,0,1,0,0,0,0,1,0,0,0,1,0,0,0,1,0,0,0,1,0,0,1,0,0
"Current",25000,0.2099,73328.76,19.69,0,0,0,0.882,37,0,1,0,0,1,0,0,0,0,0,0,1,0,0,0,0,1,0,0,1,0,0,1,0,1,0,0
"In Grace Period",12000,0.1929,72000,24.02,0,3,0,0.949,14,0,1,0,0,0,1,0,0,0,0,1,0,0,0,0,1,0,1,0,0,0,0,1,0,0,1,0
"Current",25000,0.1299,96682,4.7,0,2,0,0,16,0,1,1,0,0,0,0,0,1,0,0,0,0,0,0,0,1,1,0,0,0,0,1,0,0,0,1
"Current",7600,0.2136,1e+05,5.58,0,1,0,0.718,4,0,1,0,0,1,0,0,0,0,0,0,1,0,0,0,0,1,0,0,1,0,1,0,0,1,0,0
"Current",21000,0.1149,2e+05,8.44,0,0,0,0.801,19,0,1,0,0,0,1,0,1,0,0,0,0,0,1,0,0,0,1,0,0,0,0,1,0,1,0,0
"Current",8700,0.1299,46000,3.83,0,0,0,0.445,11,0,1,0,1,0,0,0,0,1,0,0,0,0,1,0,0,0,0,0,1,0,1,0,1,0,0,0
"Current",12000,0.1199,37080,20.94,0,0,0,0.805,8,0,1,0,0,1,0,0,1,0,0,0,0,0,0,1,0,0,1,0,0,0,1,0,1,0,0,0
"Current",10000,0.1649,48000,13.07,0,0,0,0.212,13,0,1,0,0,0,1,0,0,0,1,0,0,0,0,0,1,0,0,0,1,0,1,0,0,1,0,0
"Current",6350,0.1299,20000,24.12,0,1,0,0.528,19,0,1,0,1,0,0,0,0,1,0,0,0,0,0,1,0,0,0,0,1,0,1,0,0,0,0,1
"Current",15000,0.1199,36000,22.7,0,0,0,0.327,18,0,1,0,1,0,0,0,1,0,0,0,0,0,1,0,0,0,1,0,0,0,1,0,0,1,0,0
"Current",16000,0.1149,42000,14.83,0,0,0,0.339,16,0,1,0,1,0,0,0,1,0,0,0,0,0,0,1,0,0,1,0,0,0,1,0,0,1,0,0
"Current",25000,0.1839,90000,21.67,0,1,0,0.591,18,0,1,0,1,0,0,0,0,0,0,1,0,0,0,0,1,0,0,0,1,0,1,0,0,1,0,0
"Current",25000,0.1199,48000,2.7,0,3,0,0.07,25,0,1,1,0,0,0,0,1,0,0,0,0,0,0,0,0,1,1,0,0,0,0,1,0,0,1,0
"Current",21000,0.1929,113713,24.88,0,0,0,0.963,22,0,1,0,1,0,0,0,0,0,0,1,0,0,0,0,0,1,1,0,0,0,0,1,0,1,0,0
"Current",12000,0.1349,139000,6.14,0,0,0,0.609,19,0,1,0,0,0,1,0,0,1,0,0,0,0,0,0,0,1,0,1,0,0,1,0,0,0,0,1
"Current",4500,0.0999,72000,7.55,0,1,0,0.347,41,0,1,1,0,0,0,0,1,0,0,0,0,0,0,0,0,1,1,0,0,1,0,0,1,0,0,0
"Late",12050,0.1689,37500,20.27,0,1,1,0.556,20,0,1,0,0,1,0,0,0,0,1,0,0,0,0,1,0,0,1,0,0,0,0,1,0,1,0,0
"Current",17000,0.0999,75000,23.52,0,0,0,0.748,32,0,1,1,0,0,0,0,1,0,0,0,0,0,0,0,0,1,1,0,0,0,1,0,0,1,0,0
"Current",15000,0.1969,45000,15.09,0,0,0,0.86,6,0,1,0,0,1,0,0,0,0,0,1,0,0,1,0,0,0,0,0,1,0,1,0,0,0,0,1
"Current",4100,0.2211,150000,8.88,0,3,0,0.541,29,0,1,0,0,1,0,0,0,0,0,0,0,1,1,0,0,0,0,0,1,0,1,0,1,0,0,0
"Current",3600,0.1059,63000,19.3,0,0,0,0.669,17,0,1,0,0,1,0,0,1,0,0,0,0,0,0,1,0,0,1,0,0,1,0,0,0,0,0,1
"Current",10200,0.2062,215000,5.29,1,2,0,0.389,18,0,1,0,0,0,1,0,0,0,0,0,1,0,1,0,0,0,1,0,0,0,1,0,0,0,0,1
"Current",25000,0.1149,96660,20.09,0,0,0,0.205,34,0,1,0,0,0,1,0,1,0,0,0,0,0,0,0,0,1,1,0,0,0,0,1,0,1,0,0
"Current",12800,0.1199,69996,20.4,0,0,0,0.839,19,0,1,0,1,0,0,0,1,0,0,0,0,0,1,0,0,0,1,0,0,1,0,0,0,1,0,0
"Current",16000,0.1349,52000,6.76,0,0,0,0.461,29,0,1,0,1,0,0,0,0,1,0,0,0,0,1,0,0,0,0,0,1,1,0,0,0,1,0,0
"Current",34000,0.1879,151000,4.82,0,0,0,0.802,10,0,1,0,1,0,0,0,0,0,0,1,0,0,0,0,0,1,1,0,0,0,0,1,0,1,0,0
"Current",1500,0.0849,65304,22.01,0,0,0,0.702,19,0,1,0,0,0,1,1,0,0,0,0,0,0,0,0,0,1,1,0,0,0,1,0,0,0,0,1
"Current",15000,0.1099,80400,13.42,0,1,0,0.347,32,0,1,0,0,0,1,0,1,0,0,0,0,0,0,0,0,1,0,0,1,1,0,0,0,1,0,0
"Current",5175,0.1199,46000,4.93,0,0,1,0.423,8,0,1,0,0,1,0,0,1,0,0,0,0,0,0,0,1,0,0,0,1,1,0,0,0,1,0,0
"Current",24000,0.1799,70000,24.33,1,1,0,0.544,28,0,1,0,1,0,0,0,0,0,0,1,0,0,1,0,0,0,1,0,0,0,0,1,0,0,0,1
"Current",20000,0.1799,54000,18.04,0,0,0,0.833,16,0,1,0,1,0,0,0,0,0,0,1,0,0,0,0,1,0,0,0,1,0,1,0,0,1,0,0
"Current",1800,0.2025,32000,2.63,0,0,0,0.537,8,0,1,0,1,0,0,0,0,0,0,0,1,0,1,0,0,0,1,0,0,0,1,0,0,1,0,0
"Current",18000,0.1149,57500,6.18,1,0,0,0.371,23,0,1,0,1,0,0,0,1,0,0,0,0,0,0,0,0,1,1,0,0,1,0,0,0,1,0,0
"Current",12000,0.1599,56000,12,0,1,1,0.188,18,0,1,0,1,0,0,0,0,0,1,0,0,0,1,0,0,0,1,0,0,0,1,0,1,0,0,0
"Current",35000,0.1349,120000,6.32,0,1,0,0.047,25,0,1,0,1,0,0,0,0,1,0,0,0,0,0,0,0,1,0,0,1,0,0,1,0,1,0,0
"Current",20050,0.1749,85000,16.48,0,0,0,0.775,18,0,1,0,0,1,0,0,0,0,1,0,0,0,0,0,0,1,1,0,0,0,0,1,0,1,0,0
"Current",3200,0.1749,31308,7.9,0,0,0,0.619,17,0,1,0,0,0,1,0,0,0,1,0,0,0,1,0,0,0,0,0,1,0,1,0,0,1,0,0
"Current",30000,0.1199,162500,6.85,0,0,0,0.628,22,0,1,0,0,0,1,0,1,0,0,0,0,0,1,0,0,0,1,0,0,0,0,1,0,1,0,0
"Current",21200,0.1649,48000,26.8,0,0,0,0.896,22,0,1,0,0,0,1,0,0,0,1,0,0,0,1,0,0,0,1,0,0,0,0,1,0,1,0,0
"Current",10000,0.2211,40008,9.15,0,1,0,0.985,8,0,1,1,0,0,0,0,0,0,0,0,0,1,1,0,0,0,0,0,1,0,1,0,1,0,0,0
"Current",3600,0.1749,69996,3.34,0,1,1,0.882,9,0,1,0,0,0,1,0,0,0,1,0,0,0,1,0,0,0,0,0,1,0,1,0,0,1,0,0
"Late",2800,0.1349,48996,16.63,0,0,0,0.908,6,0,1,0,0,1,0,0,0,1,0,0,0,0,0,1,0,0,0,0,1,0,1,0,0,0,0,1
"Current",14075,0.1059,53000,22.08,0,0,0,0.237,32,0,1,0,0,1,0,0,1,0,0,0,0,0,0,1,0,0,1,0,0,1,0,0,0,1,0,0
"Current",1800,0.0999,36000,26.2,0,2,0,0.175,32,0,1,1,0,0,0,0,1,0,0,0,0,0,0,1,0,0,1,0,0,1,0,0,1,0,0,0
"In Grace Period",20000,0.1649,57600,16.13,0,3,2,0.208,18,0,1,0,1,0,0,0,0,0,1,0,0,0,0,1,0,0,0,0,1,0,0,1,0,1,0,0
"Current",25000,0.1879,78000,3.63,3,0,0,0.212,34,0,1,1,0,0,0,0,0,0,0,1,0,0,0,0,0,1,1,0,0,0,0,1,0,0,0,1
"Current",13700,0.1649,86000,17.82,1,0,0,0.844,20,0,1,0,0,0,1,0,0,0,1,0,0,0,0,0,0,1,1,0,0,0,1,0,0,1,0,0
"Current",7500,0.1299,159996,19.45,0,0,0,0.876,33,0,1,0,1,0,0,0,0,1,0,0,0,0,0,1,0,0,1,0,0,0,0,1,0,0,0,1
"Current",10075,0.1199,70000,24.29,0,1,0,0.397,27,0,1,1,0,0,0,0,1,0,0,0,0,0,1,0,0,0,1,0,0,1,0,0,0,0,1,0
"Current",12000,0.1349,80000,25.32,0,2,0,0.745,32,0,1,0,0,1,0,0,0,1,0,0,0,0,0,0,0,1,1,0,0,1,0,0,0,0,0,1
"Current",21300,0.2062,90060,14.48,0,2,0,0.73,21,0,1,0,0,1,0,0,0,0,0,0,1,0,0,0,0,1,1,0,0,0,0,1,0,0,0,1
"Current",30000,0.2025,150000,10.46,0,3,0,0.906,39,0,1,0,0,1,0,0,0,0,0,0,1,0,0,1,0,0,1,0,0,0,1,0,0,1,0,0
"Current",25000,0.1599,125000,15.18,0,2,0,0.406,39,0,1,0,0,1,0,0,0,0,1,0,0,0,0,0,0,1,0,0,1,0,0,1,0,1,0,0
"Current",25000,0.1599,75000,28.72,0,0,0,0.882,11,0,1,0,1,0,0,0,0,0,1,0,0,0,1,0,0,0,0,0,1,0,0,1,0,1,0,0
"Current",7000,0.1099,44904,22.23,0,0,0,0,21,0,1,0,0,1,0,0,1,0,0,0,0,0,1,0,0,0,1,0,0,1,0,0,0,1,0,0
"Current",16000,0.1749,63000,21.68,0,0,0,0.657,17,0,1,0,0,1,0,0,0,0,1,0,0,0,0,0,1,0,0,1,0,0,1,0,0,0,1,0
"Current",20000,0.1523,47000,24.77,0,2,0,0.786,38,0,1,0,0,1,0,0,0,1,0,0,0,0,0,1,0,0,0,0,1,0,0,1,0,1,0,0
"Current",12000,0.1399,42000,7.4,0,1,0,0.135,31,0,1,0,0,1,0,0,0,1,0,0,0,0,0,0,0,1,0,0,1,0,0,1,0,0,0,1
"Current",9800,0.0999,48000,19.1,0,0,0,0.12,25,0,1,0,0,0,1,0,1,0,0,0,0,0,0,0,0,1,1,0,0,1,0,0,1,0,0,0
"Current",35000,0.1099,168000,14.35,0,0,0,0.229,21,0,1,0,0,0,1,0,1,0,0,0,0,0,0,0,0,1,1,0,0,0,1,0,0,1,0,0
"Current",12000,0.1599,95000,14.72,0,2,0,0.436,15,0,1,1,0,0,0,0,0,0,1,0,0,0,0,0,1,0,1,0,0,1,0,0,1,0,0,0
"Current",14000,0.1059,32256,12.2,0,0,0,0.238,31,0,1,0,0,0,1,0,1,0,0,0,0,0,0,0,0,1,0,0,1,0,0,1,0,1,0,0
"Current",20000,0.1149,159000,5.61,0,1,0,0.087,17,0,1,0,0,1,0,0,1,0,0,0,0,0,0,0,0,1,1,0,0,0,0,1,0,0,1,0
"Current",24500,0.1929,60000,12.82,0,0,0,0.526,18,0,1,1,0,0,0,0,0,0,0,1,0,0,0,1,0,0,1,0,0,0,0,1,0,1,0,0
"Current",20000,0.1099,45000,14.13,0,0,0,0.005,23,0,1,0,0,1,0,0,1,0,0,0,0,0,0,1,0,0,1,0,0,0,0,1,0,1,0,0
"Current",10000,0.1799,50004,24.57,0,1,0,0.6,18,0,1,0,0,1,0,0,0,0,0,1,0,0,1,0,0,0,0,0,1,1,0,0,1,0,0,0
"Current",6000,0.1689,18000,10.53,0,0,0,0.837,4,0,1,1,0,0,0,0,0,0,1,0,0,0,0,1,0,0,0,0,1,0,1,0,1,0,0,0
"Current",1000,0.1099,60000,5.34,0,0,0,0.063,31,0,1,0,0,1,0,0,1,0,0,0,0,0,0,0,0,1,1,0,0,0,0,1,1,0,0,0
"Current",8000,0.1839,79010,8.79,0,1,0,0.83,27,0,1,0,0,0,1,0,0,0,0,1,0,0,0,0,1,0,0,0,1,0,1,0,0,1,0,0
"Current",2800,0.1299,62604,17.79,0,0,0,0.517,17,0,1,0,1,0,0,0,0,1,0,0,0,0,1,0,0,0,1,0,0,1,0,0,1,0,0,0
"Current",14000,0.1523,65000,9.47,1,2,0,0.137,49,0,1,0,0,0,1,0,0,1,0,0,0,0,0,0,0,1,0,1,0,1,0,0,0,1,0,0
"Current",20000,0.1799,61000,20.71,0,1,0,0.608,28,0,1,0,0,0,1,0,0,0,0,1,0,0,0,0,0,1,1,0,0,0,0,1,0,0,1,0
"Current",12000,0.1749,275000,10.25,0,1,0,0.475,31,0,1,0,1,0,0,0,0,0,1,0,0,0,0,1,0,0,1,0,0,0,0,1,0,0,1,0
"Current",17000,0.1799,85000,1.51,0,1,0,0.774,6,0,1,0,0,0,1,0,0,0,0,1,0,0,0,1,0,0,1,0,0,0,1,0,0,1,0,0
"Current",20000,0.1839,85000,17.63,0,1,1,0.754,28,0,1,0,0,0,1,0,0,0,0,1,0,0,0,0,1,0,1,0,0,0,1,0,0,0,1,0
"Current",18000,0.1199,85000,7.99,0,3,0,0.683,21,0,1,1,0,0,0,0,1,0,0,0,0,0,0,0,0,1,1,0,0,0,1,0,0,0,1,0
"Current",7000,0.1599,49500,18.69,0,0,0,0.734,8,0,1,0,0,0,1,0,0,0,1,0,0,0,0,0,0,1,0,0,1,0,1,0,0,0,0,1
"Current",14400,0.1689,48000,3.05,0,0,0,0.552,7,0,1,0,1,0,0,0,0,0,1,0,0,0,1,0,0,0,0,0,1,0,1,0,0,0,0,1
"Current",13000,0.1059,121908,5.97,0,0,0,0,24,0,1,0,1,0,0,0,1,0,0,0,0,0,0,1,0,0,1,0,0,0,0,1,0,0,0,1
"Current",12000,0.1349,126000,10.81,0,0,0,0.765,24,0,1,0,1,0,0,0,0,1,0,0,0,0,0,0,0,1,0,0,1,0,1,0,0,1,0,0
"Current",20000,0.1199,39000,15.35,0,0,0,0,11,0,1,0,1,0,0,0,1,0,0,0,0,0,0,0,0,1,1,0,0,0,0,1,0,0,1,0
"Current",7500,0.0999,51996,15.09,0,0,0,0.301,17,0,1,0,1,0,0,0,1,0,0,0,0,0,0,0,1,0,0,0,1,1,0,0,0,1,0,0
"Current",5000,0.1299,45000,12.72,1,0,0,0.34,53,0,1,0,0,1,0,0,0,1,0,0,0,0,0,1,0,0,0,0,1,1,0,0,0,1,0,0
"Current",22800,0.1299,102000,18.14,0,0,0,0.765,54,0,1,1,0,0,0,0,0,1,0,0,0,0,1,0,0,0,1,0,0,0,0,1,0,1,0,0
"Current",17225,0.1149,81096,17.21,0,0,0,0.477,28,0,1,0,1,0,0,0,1,0,0,0,0,0,0,0,0,1,0,0,1,0,0,1,0,1,0,0
"Current",3600,0.1599,40000,12.54,0,0,0,0.827,11,0,1,0,1,0,0,0,0,0,1,0,0,0,1,0,0,0,0,0,1,0,1,0,0,0,0,1
"Current",12000,0.1099,45000,21.55,0,0,0,0.656,11,0,1,0,1,0,0,0,1,0,0,0,0,0,1,0,0,0,0,0,1,1,0,0,0,0,0,1
"Current",13400,0.2211,1e+05,5.47,0,0,0,0.804,7,0,1,0,0,1,0,0,0,0,0,0,0,1,1,0,0,0,0,0,1,0,0,1,0,0,0,1
"Current",10000,0.1199,30000,13.72,0,1,0,0.229,32,0,1,1,0,0,0,0,1,0,0,0,0,0,0,0,0,1,0,0,1,0,0,1,0,0,0,1
"Current",12000,0.1199,36000,21.5,0,0,0,0.435,17,0,1,1,0,0,0,0,1,0,0,0,0,0,1,0,0,0,0,0,1,0,1,0,0,1,0,0
"Current",23500,0.1349,68000,10.78,0,0,0,0.719,11,0,1,0,0,0,1,0,0,1,0,0,0,0,0,0,0,1,1,0,0,0,1,0,0,1,0,0
"Current",14400,0.1839,73923,14.92,1,3,1,0.768,40,0,1,0,0,1,0,0,0,0,0,1,0,0,0,1,0,0,0,0,1,0,0,1,0,1,0,0
"Current",10000,0.1689,30000,5.56,0,7,0,0.035,17,0,1,1,0,0,0,0,0,0,1,0,0,0,1,0,0,0,0,0,1,1,0,0,1,0,0,0
"Current",10000,0.1649,96000,15.53,0,2,0,0.408,17,0,1,0,0,1,0,0,0,0,1,0,0,0,0,0,0,1,0,0,1,1,0,0,1,0,0,0
"Current",15350,0.1689,84000,17.36,0,0,0,0.612,17,0,1,0,0,0,1,0,0,0,1,0,0,0,0,0,0,1,1,0,0,0,1,0,0,0,1,0
"Current",6000,0.1599,72500,24.02,3,0,0,0.293,29,0,1,0,1,0,0,0,0,0,1,0,0,0,1,0,0,0,1,0,0,0,1,0,1,0,0,0
"Current",20000,0.2211,81996,10.43,0,3,0,0.397,18,0,1,0,1,0,0,0,0,0,0,0,0,1,0,1,0,0,0,1,0,0,0,1,1,0,0,0
"Current",12000,0.1599,115000,13.17,0,0,0,0.863,24,0,1,0,1,0,0,0,0,0,1,0,0,0,0,0,0,1,1,0,0,0,1,0,0,0,1,0
"Current",20000,0.1479,64000,12.41,0,1,0,0.628,15,0,1,0,0,0,1,0,0,1,0,0,0,0,0,0,0,1,1,0,0,1,0,0,0,1,0,0
"Late",1500,0.1649,26004,18,0,2,0,0.181,11,0,1,0,0,1,0,0,0,0,1,0,0,0,1,0,0,0,0,0,1,0,1,0,0,0,0,1
"Current",16000,0.1299,55000,19.11,0,0,0,0.895,17,0,1,1,0,0,0,0,0,1,0,0,0,0,1,0,0,0,1,0,0,0,1,0,0,1,0,0
"Late",13600,0.1689,50000,18.77,0,2,0,0.172,16,0,1,0,0,0,1,0,0,0,1,0,0,0,1,0,0,0,0,0,1,0,1,0,0,0,0,1
"Current",7000,0.1199,75000,11.78,0,0,0,0.361,23,0,1,0,0,0,1,0,1,0,0,0,0,0,0,0,1,0,1,0,0,1,0,0,0,0,0,1
"Current",24000,0.1649,84000,15.04,0,0,0,0.898,7,0,1,0,0,1,0,0,0,0,1,0,0,0,1,0,0,0,0,0,1,0,1,0,0,1,0,0
"Late",14000,0.1199,70000,5.55,0,0,0,0.631,10,0,1,0,1,0,0,0,1,0,0,0,0,0,1,0,0,0,0,0,1,0,1,0,0,1,0,0
"Current",8000,0.1879,54996,18.42,0,3,0,0.317,29,0,1,0,0,0,1,0,0,0,0,1,0,0,0,0,1,0,1,0,0,0,1,0,0,0,0,1
"In Grace Period",14000,0.1399,82420,20.54,0,1,0,0.332,41,0,1,1,0,0,0,0,0,1,0,0,0,0,0,0,1,0,1,0,0,0,0,1,0,1,0,0
"Current",35000,0.1969,120000,10.11,2,0,1,0.483,42,0,1,0,0,1,0,0,0,0,0,1,0,0,0,1,0,0,1,0,0,0,1,0,0,0,1,0
"Current",18000,0.1839,53000,16.44,0,2,0,0.533,25,0,1,0,0,1,0,0,0,0,0,1,0,0,0,0,0,1,0,0,1,1,0,0,0,1,0,0
"Current",25000,0.1929,650000,6.47,0,1,0,0.357,42,0,1,0,0,1,0,0,0,0,0,1,0,0,0,0,1,0,1,0,0,0,0,1,0,1,0,0
"In Grace Period",24250,0.2062,58000,21.5,1,2,0,0.184,23,0,1,1,0,0,0,0,0,0,0,0,1,0,0,1,0,0,1,0,0,0,0,1,0,1,0,0
"Late",19750,0.1969,90000,6.55,0,0,0,0.613,40,0,1,0,1,0,0,0,0,0,0,1,0,0,0,0,0,1,1,0,0,0,0,1,0,0,1,0
"Late",33950,0.2174,180000,22.79,1,0,0,0.698,31,0,1,0,0,0,1,0,0,0,0,0,1,0,0,0,0,1,1,0,0,0,0,1,0,1,0,0
"Late",12000,0.2099,89000,15.53,3,0,0,0.958,30,0,1,0,0,0,1,0,0,0,0,0,1,0,0,1,0,0,1,0,0,1,0,0,0,1,0,0
"Current",20000,0.1689,90000,20.15,0,1,0,0.637,22,0,1,0,0,1,0,0,0,0,1,0,0,0,1,0,0,0,1,0,0,0,0,1,0,1,0,0
"In Grace Period",25000,0.1599,75000,17.49,0,2,0,0.72,31,0,1,0,1,0,0,0,0,0,1,0,0,0,0,0,1,0,1,0,0,1,0,0,0,0,0,1
"In Grace Period",3000,0.2099,36000,8.87,0,1,0,0.804,13,0,1,0,0,1,0,0,0,0,0,1,0,0,1,0,0,0,0,0,1,0,1,0,0,0,0,1
"Late",14000,0.1349,55000,11.74,0,0,0,0.747,33,0,1,0,1,0,0,0,0,1,0,0,0,0,0,0,0,1,1,0,0,0,1,0,0,0,1,0
"Late",11000,0.1099,51996,29.77,0,0,0,0.805,49,0,1,1,0,0,0,0,1,0,0,0,0,0,0,1,0,0,1,0,0,1,0,0,0,1,0,0
"Late",35000,0.1523,63300,26.62,0,2,0,0.568,32,0,1,0,1,0,0,0,0,1,0,0,0,0,0,0,0,1,0,0,1,0,0,1,0,1,0,0
"Late",28800,0.1299,156996,8.26,0,2,0,0,22,0,1,0,0,1,0,0,0,1,0,0,0,0,0,1,0,0,1,0,0,0,1,0,0,1,0,0
"Late",30000,0.1839,120000,16.21,0,0,0,0.813,41,0,1,0,0,1,0,0,0,0,0,1,0,0,1,0,0,0,0,0,1,0,0,1,0,1,0,0
"Late",20000,0.1714,48012,13.82,2,0,0,0.662,36,0,1,0,0,1,0,0,0,0,0,1,0,0,0,0,0,1,1,0,0,0,0,1,0,1,0,0
